height,block_time,block_size,num_txs
1,2024-07-10T15:42:28.745935Z,1307,0
2,2024-07-10T15:42:30.433746Z,3155,1
3,2024-07-10T15:42:30.984072Z,3023,1
4,2024-07-10T15:42:31.525862Z,2715,1
5,2024-07-10T15:42:32.071019Z,2715,1
6,2024-07-10T15:42:32.614705Z,2715,1
7,2024-07-10T15:42:33.153067Z,2715,1
8,2024-07-10T15:42:33.694421Z,3607,2
9,2024-07-10T15:42:34.231233Z,2715,1
10,2024-07-10T15:42:34.768207Z,3692,2
11,2024-07-10T15:42:35.306144Z,2717,1
12,2024-07-10T15:42:35.847034Z,3609,2
13,2024-07-10T15:42:36.383659Z,2717,1
14,2024-07-10T15:42:36.940137Z,3693,2
15,2024-07-10T15:42:37.483707Z,3609,2
16,2024-07-10T15:42:38.020971Z,2717,1
17,2024-07-10T15:42:38.562467Z,3693,2
18,2024-07-10T15:42:39.102083Z,2717,1
19,2024-07-10T15:42:39.643854Z,3609,2
20,2024-07-10T15:42:40.180993Z,2717,1
21,2024-07-10T15:42:40.718238Z,3693,2
22,2024-07-10T15:42:41.258659Z,2717,1
23,2024-07-10T15:42:41.794164Z,3609,2
24,2024-07-10T15:42:42.33257Z,2715,1
25,2024-07-10T15:42:42.869353Z,3693,2
26,2024-07-10T15:42:43.412679Z,2717,1
27,2024-07-10T15:42:43.953141Z,3609,2
28,2024-07-10T15:42:44.495071Z,3693,2
29,2024-07-10T15:42:45.032358Z,2717,1
30,2024-07-10T15:42:45.567743Z,3609,2
31,2024-07-10T15:42:46.109397Z,2717,1
32,2024-07-10T15:42:46.648173Z,3693,2
33,2024-07-10T15:42:47.195152Z,2717,1
34,2024-07-10T15:42:47.732663Z,3609,2
35,2024-07-10T15:42:48.270351Z,2717,1
36,2024-07-10T15:42:48.808935Z,3693,2
37,2024-07-10T15:42:49.350869Z,2717,1
38,2024-07-10T15:42:49.890881Z,3609,2
39,2024-07-10T15:42:50.435713Z,2717,1
40,2024-07-10T15:42:50.975993Z,3693,2
41,2024-07-10T15:42:51.516916Z,3609,2
42,2024-07-10T15:42:52.063442Z,2717,1
43,2024-07-10T15:42:52.612308Z,3693,2
44,2024-07-10T15:42:53.150046Z,2717,1
45,2024-07-10T15:42:53.686473Z,3609,2
46,2024-07-10T15:42:54.232846Z,2717,1
47,2024-07-10T15:42:54.772624Z,3693,2
48,2024-07-10T15:42:55.316867Z,2717,1
49,2024-07-10T15:42:55.860354Z,3609,2
50,2024-07-10T15:42:56.398717Z,2717,1
51,2024-07-10T15:42:56.939559Z,3693,2
52,2024-07-10T15:42:57.484493Z,2717,1
53,2024-07-10T15:42:58.028204Z,3609,2
54,2024-07-10T15:42:58.568183Z,3693,2
55,2024-07-10T15:42:59.11136Z,2715,1
56,2024-07-10T15:42:59.655222Z,3609,2
57,2024-07-10T15:43:00.191457Z,2717,1
58,2024-07-10T15:43:00.736455Z,3693,2
59,2024-07-10T15:43:01.273843Z,2717,1
60,2024-07-10T15:43:01.815271Z,3609,2
61,2024-07-10T15:43:02.359256Z,2717,1
62,2024-07-10T15:43:02.898358Z,3693,2
63,2024-07-10T15:43:03.439511Z,2717,1
64,2024-07-10T15:43:03.979182Z,3609,2
65,2024-07-10T15:43:04.525217Z,2717,1
66,2024-07-10T15:43:05.066506Z,3693,2
67,2024-07-10T15:43:05.610491Z,3609,2
68,2024-07-10T15:43:06.146702Z,2717,1
69,2024-07-10T15:43:06.686399Z,3693,2
70,2024-07-10T15:43:07.228794Z,2717,1
71,2024-07-10T15:43:07.774113Z,3609,2
72,2024-07-10T15:43:08.316551Z,2717,1
73,2024-07-10T15:43:08.862213Z,3693,2
74,2024-07-10T15:43:09.402425Z,2717,1
75,2024-07-10T15:43:09.947562Z,3609,2
76,2024-07-10T15:43:10.491385Z,2717,1
77,2024-07-10T15:43:11.035737Z,3693,2
78,2024-07-10T15:43:11.579287Z,2717,1
79,2024-07-10T15:43:12.128941Z,3609,2
80,2024-07-10T15:43:12.662363Z,3693,2
81,2024-07-10T15:43:13.198788Z,2717,1
82,2024-07-10T15:43:13.737028Z,3609,2
83,2024-07-10T15:43:14.277639Z,2717,1
84,2024-07-10T15:43:14.833612Z,3693,2
85,2024-07-10T15:43:15.371531Z,2717,1
86,2024-07-10T15:43:15.917171Z,3609,2
87,2024-07-10T15:43:16.453181Z,2717,1
88,2024-07-10T15:43:16.996706Z,3693,2
89,2024-07-10T15:43:17.531811Z,2717,1
90,2024-07-10T15:43:18.068368Z,3609,2
91,2024-07-10T15:43:18.608795Z,2717,1
92,2024-07-10T15:43:19.150083Z,3693,2
93,2024-07-10T15:43:19.684629Z,3609,2
94,2024-07-10T15:43:20.222165Z,2717,1
95,2024-07-10T15:43:20.761073Z,3693,2
96,2024-07-10T15:43:21.302306Z,2717,1
97,2024-07-10T15:43:21.850932Z,3609,2
98,2024-07-10T15:43:22.393252Z,2717,1
99,2024-07-10T15:43:22.931197Z,3693,2
100,2024-07-10T15:43:23.47821Z,2720,1
101,2024-07-10T15:43:24.027425Z,3615,2
102,2024-07-10T15:43:24.571237Z,2723,1
103,2024-07-10T15:43:25.108595Z,3699,2
104,2024-07-10T15:43:25.645724Z,2723,1
105,2024-07-10T15:43:26.18754Z,3613,2
106,2024-07-10T15:43:26.731726Z,3699,2
107,2024-07-10T15:43:27.270627Z,2723,1
108,2024-07-10T15:43:27.819468Z,3091,2
109,2024-07-10T15:43:28.359037Z,2723,1
110,2024-07-10T15:43:28.898735Z,3615,2
111,2024-07-10T15:43:29.438503Z,3699,2
112,2024-07-10T15:43:29.979013Z,2723,1
113,2024-07-10T15:43:30.518425Z,3615,2
114,2024-07-10T15:43:31.063008Z,2723,1
115,2024-07-10T15:43:31.606618Z,3699,2
116,2024-07-10T15:43:32.152478Z,2723,1
117,2024-07-10T15:43:32.699362Z,3615,2
118,2024-07-10T15:43:33.249135Z,2723,1
119,2024-07-10T15:43:33.791574Z,3699,2
120,2024-07-10T15:43:34.334263Z,2723,1
121,2024-07-10T15:43:34.884638Z,4147,2
122,2024-07-10T15:43:35.433016Z,2723,1
123,2024-07-10T15:43:35.970237Z,3699,2
124,2024-07-10T15:43:36.510635Z,3615,2
125,2024-07-10T15:43:37.04723Z,3253,1
126,2024-07-10T15:43:37.59053Z,3697,2
127,2024-07-10T15:43:38.130277Z,2723,1
128,2024-07-10T15:43:38.670307Z,3615,2
129,2024-07-10T15:43:39.211891Z,2723,1
130,2024-07-10T15:43:39.75331Z,3697,2
131,2024-07-10T15:43:40.299809Z,2723,1
132,2024-07-10T15:43:40.841443Z,4147,2
133,2024-07-10T15:43:41.390525Z,2723,1
134,2024-07-10T15:43:41.932005Z,3699,2
135,2024-07-10T15:43:42.472292Z,2723,1
136,2024-07-10T15:43:43.009892Z,4147,2
137,2024-07-10T15:43:43.551017Z,3699,2
138,2024-07-10T15:43:44.092137Z,2723,1
139,2024-07-10T15:43:44.643018Z,3615,2
140,2024-07-10T15:43:45.187097Z,3255,1
141,2024-07-10T15:43:45.731595Z,3699,2
142,2024-07-10T15:43:46.267192Z,2723,1
143,2024-07-10T15:43:46.80331Z,3613,2
144,2024-07-10T15:43:47.345965Z,2723,1
145,2024-07-10T15:43:47.890491Z,3699,2
146,2024-07-10T15:43:48.439966Z,2723,1
147,2024-07-10T15:43:48.981431Z,4147,2
148,2024-07-10T15:43:49.526543Z,3699,2
149,2024-07-10T15:43:50.060782Z,2723,1
150,2024-07-10T15:43:50.602877Z,3615,2
151,2024-07-10T15:43:51.141729Z,3255,1
152,2024-07-10T15:43:51.693775Z,3699,2
153,2024-07-10T15:43:52.231449Z,2723,1
154,2024-07-10T15:43:52.779854Z,3615,2
155,2024-07-10T15:43:53.323482Z,2723,1
156,2024-07-10T15:43:53.858029Z,3699,2
157,2024-07-10T15:43:54.406063Z,2723,1
158,2024-07-10T15:43:54.952234Z,4147,2
159,2024-07-10T15:43:55.497369Z,2723,1
160,2024-07-10T15:43:56.042254Z,3699,2
161,2024-07-10T15:43:56.585168Z,3615,2
162,2024-07-10T15:43:57.129426Z,3255,1
163,2024-07-10T15:43:57.667025Z,3699,2
164,2024-07-10T15:43:58.20296Z,2721,1
165,2024-07-10T15:43:58.740269Z,3615,2
166,2024-07-10T15:43:59.284496Z,2723,1
167,2024-07-10T15:43:59.828802Z,3699,2
168,2024-07-10T15:44:00.373448Z,2723,1
169,2024-07-10T15:44:00.913808Z,4147,2
170,2024-07-10T15:44:01.459201Z,2723,1
171,2024-07-10T15:44:01.998721Z,3699,2
172,2024-07-10T15:44:02.535071Z,2723,1
173,2024-07-10T15:44:03.073289Z,4147,2
174,2024-07-10T15:44:03.62053Z,3697,2
175,2024-07-10T15:44:04.162183Z,2723,1
176,2024-07-10T15:44:04.707292Z,3615,2
177,2024-07-10T15:44:05.242704Z,3255,1
178,2024-07-10T15:44:05.780101Z,3699,2
179,2024-07-10T15:44:06.319989Z,2723,1
180,2024-07-10T15:44:06.858847Z,3615,2
181,2024-07-10T15:44:07.395219Z,2723,1
182,2024-07-10T15:44:07.938659Z,3699,2
183,2024-07-10T15:44:08.500354Z,2723,1
184,2024-07-10T15:44:09.039471Z,4147,2
185,2024-07-10T15:44:09.57967Z,2721,1
186,2024-07-10T15:44:10.116385Z,3699,2
187,2024-07-10T15:44:10.66035Z,3613,2
188,2024-07-10T15:44:11.19908Z,3253,1
189,2024-07-10T15:44:11.740258Z,3699,2
190,2024-07-10T15:44:12.281619Z,2723,1
191,2024-07-10T15:44:12.829499Z,3615,2
192,2024-07-10T15:44:13.371821Z,2723,1
193,2024-07-10T15:44:13.910558Z,3699,2
194,2024-07-10T15:44:14.444644Z,2723,1
195,2024-07-10T15:44:14.985289Z,4147,2
196,2024-07-10T15:44:15.532342Z,2723,1
197,2024-07-10T15:44:16.071729Z,3699,2
198,2024-07-10T15:44:16.609708Z,2723,1
199,2024-07-10T15:44:17.148587Z,4147,2
200,2024-07-10T15:44:17.686703Z,3699,2
201,2024-07-10T15:44:18.225222Z,2723,1
202,2024-07-10T15:44:18.762064Z,3615,2
203,2024-07-10T15:44:19.301434Z,3255,1
204,2024-07-10T15:44:19.84518Z,3697,2
205,2024-07-10T15:44:20.391015Z,2723,1
206,2024-07-10T15:44:20.932848Z,3615,2
207,2024-07-10T15:44:21.471842Z,2723,1
208,2024-07-10T15:44:22.006068Z,3699,2
209,2024-07-10T15:44:22.54761Z,2721,1
210,2024-07-10T15:44:23.087836Z,4147,2
211,2024-07-10T15:44:23.63486Z,2721,1
212,2024-07-10T15:44:24.174812Z,3699,2
213,2024-07-10T15:44:24.712026Z,3615,2
214,2024-07-10T15:44:25.252145Z,3255,1
215,2024-07-10T15:44:25.796011Z,3699,2
216,2024-07-10T15:44:26.335823Z,2723,1
217,2024-07-10T15:44:26.873249Z,3615,2
218,2024-07-10T15:44:27.409979Z,2723,1
219,2024-07-10T15:44:27.952581Z,3699,2
220,2024-07-10T15:44:28.494226Z,2723,1
221,2024-07-10T15:44:29.040579Z,4147,2
222,2024-07-10T15:44:29.583003Z,2723,1
223,2024-07-10T15:44:30.120683Z,3699,2
224,2024-07-10T15:44:30.663263Z,2723,1
225,2024-07-10T15:44:31.200311Z,4147,2
226,2024-07-10T15:44:31.745523Z,3699,2
227,2024-07-10T15:44:32.281414Z,2723,1
228,2024-07-10T15:44:32.824131Z,3615,2
229,2024-07-10T15:44:33.362638Z,3255,1
230,2024-07-10T15:44:33.907652Z,3699,2
231,2024-07-10T15:44:34.453413Z,2723,1
232,2024-07-10T15:44:34.988336Z,3615,2
233,2024-07-10T15:44:35.537166Z,2723,1
234,2024-07-10T15:44:36.075784Z,3699,2
235,2024-07-10T15:44:36.622152Z,2723,1
236,2024-07-10T15:44:37.164662Z,4147,2
237,2024-07-10T15:44:37.703939Z,2723,1
238,2024-07-10T15:44:38.24775Z,3697,2
239,2024-07-10T15:44:38.788858Z,3615,2
240,2024-07-10T15:44:39.331375Z,3255,1
241,2024-07-10T15:44:39.872441Z,3699,2
242,2024-07-10T15:44:40.409258Z,2723,1
243,2024-07-10T15:44:40.951028Z,3615,2
244,2024-07-10T15:44:41.488637Z,2723,1
245,2024-07-10T15:44:42.028858Z,3703,2
246,2024-07-10T15:44:42.570577Z,2723,1
247,2024-07-10T15:44:43.113641Z,4147,2
248,2024-07-10T15:44:43.660409Z,2723,1
249,2024-07-10T15:44:44.204457Z,3703,2
250,2024-07-10T15:44:44.75853Z,2721,1
251,2024-07-10T15:44:45.301527Z,4147,2
252,2024-07-10T15:44:45.845565Z,3703,2
253,2024-07-10T15:44:46.380814Z,2723,1
254,2024-07-10T15:44:46.926519Z,3615,2
255,2024-07-10T15:44:47.463396Z,3255,1
256,2024-07-10T15:44:47.999477Z,3703,2
257,2024-07-10T15:44:48.542174Z,2723,1
258,2024-07-10T15:44:49.085574Z,3615,2
259,2024-07-10T15:44:49.630975Z,2723,1
260,2024-07-10T15:44:50.168223Z,3703,2
261,2024-07-10T15:44:50.706552Z,2723,1
262,2024-07-10T15:44:51.244379Z,4147,2
263,2024-07-10T15:44:51.790067Z,2723,1
264,2024-07-10T15:44:52.331842Z,3703,2
265,2024-07-10T15:44:52.871069Z,2723,1
266,2024-07-10T15:44:53.415755Z,4147,2
267,2024-07-10T15:44:53.966052Z,3703,2
268,2024-07-10T15:44:54.503041Z,2723,1
269,2024-07-10T15:44:55.041442Z,3615,2
270,2024-07-10T15:44:55.580643Z,3255,1
271,2024-07-10T15:44:56.135433Z,3703,2
272,2024-07-10T15:44:56.682513Z,2723,1
273,2024-07-10T15:44:57.223929Z,3615,2
274,2024-07-10T15:44:57.762844Z,2723,1
275,2024-07-10T15:44:58.305386Z,3703,2
276,2024-07-10T15:44:58.853255Z,2723,1
277,2024-07-10T15:44:59.395395Z,4147,2
278,2024-07-10T15:44:59.950164Z,3703,2
279,2024-07-10T15:45:00.490324Z,2723,1
280,2024-07-10T15:45:01.033964Z,3615,2
281,2024-07-10T15:45:01.573508Z,3255,1
282,2024-07-10T15:45:02.121595Z,3703,2
283,2024-07-10T15:45:02.668257Z,2723,1
284,2024-07-10T15:45:03.207613Z,3615,2
285,2024-07-10T15:45:03.743681Z,2723,1
286,2024-07-10T15:45:04.288786Z,3703,2
287,2024-07-10T15:45:04.830914Z,2723,1
288,2024-07-10T15:45:05.373771Z,4147,2
289,2024-07-10T15:45:05.919445Z,2723,1
290,2024-07-10T15:45:06.462953Z,3703,2
291,2024-07-10T15:45:07.00458Z,3613,2
292,2024-07-10T15:45:07.540694Z,3255,1
293,2024-07-10T15:45:08.081417Z,3703,2
294,2024-07-10T15:45:08.619775Z,2723,1
295,2024-07-10T15:45:09.16289Z,3613,2
296,2024-07-10T15:45:09.709007Z,2723,1
297,2024-07-10T15:45:10.254664Z,3703,2
298,2024-07-10T15:45:10.801143Z,2723,1
299,2024-07-10T15:45:11.336584Z,4147,2
300,2024-07-10T15:45:11.88279Z,2721,1
301,2024-07-10T15:45:12.42764Z,3701,2
302,2024-07-10T15:45:12.971142Z,2723,1
303,2024-07-10T15:45:13.511026Z,4147,2
304,2024-07-10T15:45:14.052056Z,3703,2
305,2024-07-10T15:45:14.593554Z,2723,1
306,2024-07-10T15:45:15.139262Z,3615,2
307,2024-07-10T15:45:15.678148Z,3255,1
308,2024-07-10T15:45:16.215433Z,3703,2
309,2024-07-10T15:45:16.758964Z,2723,1
310,2024-07-10T15:45:17.303367Z,3615,2
311,2024-07-10T15:45:17.843226Z,2723,1
312,2024-07-10T15:45:18.382406Z,3703,2
313,2024-07-10T15:45:18.92664Z,2721,1
314,2024-07-10T15:45:19.471381Z,4147,2
315,2024-07-10T15:45:20.017604Z,2723,1
316,2024-07-10T15:45:20.568641Z,3703,2
317,2024-07-10T15:45:21.114208Z,3615,2
318,2024-07-10T15:45:21.655433Z,3255,1
319,2024-07-10T15:45:22.194998Z,3703,2
320,2024-07-10T15:45:22.73202Z,2721,1
321,2024-07-10T15:45:23.269703Z,3615,2
322,2024-07-10T15:45:23.808271Z,2723,1
323,2024-07-10T15:45:24.350223Z,3703,2
324,2024-07-10T15:45:24.891895Z,2723,1
325,2024-07-10T15:45:25.433291Z,4147,2
326,2024-07-10T15:45:25.974216Z,2723,1
327,2024-07-10T15:45:26.517699Z,3703,2
328,2024-07-10T15:45:27.070143Z,2723,1
329,2024-07-10T15:45:27.613979Z,4147,2
330,2024-07-10T15:45:28.159734Z,3703,2
331,2024-07-10T15:45:28.694082Z,2723,1
332,2024-07-10T15:45:29.239126Z,3615,2
333,2024-07-10T15:45:29.778542Z,3255,1
334,2024-07-10T15:45:30.32576Z,3701,2
335,2024-07-10T15:45:30.866337Z,2723,1
336,2024-07-10T15:45:31.403556Z,3615,2
337,2024-07-10T15:45:31.948893Z,2723,1
338,2024-07-10T15:45:32.489445Z,3703,2
339,2024-07-10T15:45:33.036939Z,2723,1
340,2024-07-10T15:45:33.579715Z,4147,2
341,2024-07-10T15:45:34.116872Z,2723,1
342,2024-07-10T15:45:34.653037Z,3703,2
343,2024-07-10T15:45:35.190114Z,3615,2
344,2024-07-10T15:45:35.726464Z,3255,1
345,2024-07-10T15:45:36.271465Z,3703,2
346,2024-07-10T15:45:36.819289Z,2723,1
347,2024-07-10T15:45:37.363026Z,3615,2
348,2024-07-10T15:45:37.901997Z,2723,1
349,2024-07-10T15:45:38.441744Z,3703,2
350,2024-07-10T15:45:38.982414Z,2723,1
351,2024-07-10T15:45:39.522053Z,4147,2
352,2024-07-10T15:45:40.068106Z,2723,1
353,2024-07-10T15:45:40.615971Z,3703,2
354,2024-07-10T15:45:41.157835Z,2723,1
355,2024-07-10T15:45:41.697768Z,4147,2
356,2024-07-10T15:45:42.235604Z,3703,2
357,2024-07-10T15:45:42.771673Z,2723,1
358,2024-07-10T15:45:43.310645Z,3615,2
359,2024-07-10T15:45:43.860318Z,3255,1
360,2024-07-10T15:45:44.406868Z,3703,2
361,2024-07-10T15:45:44.946245Z,2723,1
362,2024-07-10T15:45:45.489911Z,3615,2
363,2024-07-10T15:45:46.025884Z,2723,1
364,2024-07-10T15:45:46.571889Z,3703,2
365,2024-07-10T15:45:47.115183Z,2723,1
366,2024-07-10T15:45:47.65244Z,4145,2
367,2024-07-10T15:45:48.200943Z,2723,1
368,2024-07-10T15:45:48.743742Z,3703,2
369,2024-07-10T15:45:49.282626Z,3615,2
370,2024-07-10T15:45:49.819815Z,3255,1
371,2024-07-10T15:45:50.365174Z,3703,2
372,2024-07-10T15:45:50.907948Z,2723,1
373,2024-07-10T15:45:51.446665Z,3615,2
374,2024-07-10T15:45:51.987592Z,2723,1
375,2024-07-10T15:45:52.530874Z,3703,2
376,2024-07-10T15:45:53.070168Z,2723,1
377,2024-07-10T15:45:53.611207Z,4147,2
378,2024-07-10T15:45:54.157785Z,2723,1
379,2024-07-10T15:45:54.703513Z,3703,2
380,2024-07-10T15:45:55.243734Z,2723,1
381,2024-07-10T15:45:55.788914Z,4147,2
382,2024-07-10T15:45:56.332229Z,3703,2
383,2024-07-10T15:45:56.872434Z,2723,1
384,2024-07-10T15:45:57.412239Z,3615,2
385,2024-07-10T15:45:57.95799Z,3253,1
386,2024-07-10T15:45:58.5038Z,3699,2
387,2024-07-10T15:45:59.044292Z,2723,1
388,2024-07-10T15:45:59.580581Z,3615,2
389,2024-07-10T15:46:00.121653Z,2723,1
390,2024-07-10T15:46:00.656753Z,3703,2
391,2024-07-10T15:46:01.202838Z,2723,1
392,2024-07-10T15:46:01.744439Z,4147,2
393,2024-07-10T15:46:02.291175Z,2723,1
394,2024-07-10T15:46:02.831782Z,3703,2
395,2024-07-10T15:46:03.366489Z,3615,2
396,2024-07-10T15:46:03.9119Z,3251,1
397,2024-07-10T15:46:04.454915Z,3703,2
398,2024-07-10T15:46:04.999409Z,2723,1
399,2024-07-10T15:46:05.542216Z,3615,2
400,2024-07-10T15:46:06.089678Z,2723,1
401,2024-07-10T15:46:06.630004Z,3703,2
402,2024-07-10T15:46:07.173873Z,2723,1
403,2024-07-10T15:46:07.719289Z,4147,2
404,2024-07-10T15:46:08.258518Z,2723,1
405,2024-07-10T15:46:08.805688Z,3703,2
406,2024-07-10T15:46:09.349532Z,2723,1
407,2024-07-10T15:46:09.884735Z,4147,2
408,2024-07-10T15:46:10.432222Z,3703,2
409,2024-07-10T15:46:10.970641Z,2723,1
410,2024-07-10T15:46:11.509472Z,3615,2
411,2024-07-10T15:46:12.045577Z,3255,1
412,2024-07-10T15:46:12.583914Z,3703,2
413,2024-07-10T15:46:13.133017Z,2723,1
414,2024-07-10T15:46:13.671682Z,3615,2
415,2024-07-10T15:46:14.2171Z,2719,1
416,2024-07-10T15:46:14.765879Z,3703,2
417,2024-07-10T15:46:15.311846Z,2723,1
418,2024-07-10T15:46:15.860595Z,4147,2
419,2024-07-10T15:46:16.402637Z,2723,1
420,2024-07-10T15:46:16.954745Z,3703,2
421,2024-07-10T15:46:17.500427Z,3615,2
422,2024-07-10T15:46:18.038206Z,3255,1
423,2024-07-10T15:46:18.576781Z,3703,2
424,2024-07-10T15:46:19.115597Z,2723,1
425,2024-07-10T15:46:19.658986Z,3615,2
426,2024-07-10T15:46:20.199601Z,2723,1
427,2024-07-10T15:46:20.744257Z,3703,2
428,2024-07-10T15:46:21.29319Z,2721,1
429,2024-07-10T15:46:21.83447Z,4145,2
430,2024-07-10T15:46:22.380467Z,2723,1
431,2024-07-10T15:46:22.922617Z,3703,2
432,2024-07-10T15:46:23.464098Z,2723,1
433,2024-07-10T15:46:24.006094Z,4147,2
434,2024-07-10T15:46:24.550099Z,3703,2
435,2024-07-10T15:46:25.091392Z,2723,1
436,2024-07-10T15:46:25.639593Z,3615,2
437,2024-07-10T15:46:26.176856Z,3255,1
438,2024-07-10T15:46:26.71681Z,3701,2
439,2024-07-10T15:46:27.261325Z,2723,1
440,2024-07-10T15:46:27.811782Z,3615,2
441,2024-07-10T15:46:28.353701Z,2723,1
442,2024-07-10T15:46:28.894313Z,3703,2
443,2024-07-10T15:46:29.439245Z,2723,1
444,2024-07-10T15:46:29.98316Z,4145,2
445,2024-07-10T15:46:30.531813Z,2723,1
446,2024-07-10T15:46:31.081289Z,3703,2
447,2024-07-10T15:46:31.622175Z,3615,2
448,2024-07-10T15:46:32.169093Z,3255,1
449,2024-07-10T15:46:32.715451Z,3703,2
450,2024-07-10T15:46:33.262869Z,2723,1
451,2024-07-10T15:46:33.8083Z,3611,2
452,2024-07-10T15:46:34.347419Z,2723,1
453,2024-07-10T15:46:34.889098Z,3703,2
454,2024-07-10T15:46:35.432796Z,2723,1
455,2024-07-10T15:46:35.969903Z,4147,2
456,2024-07-10T15:46:36.519352Z,2723,1
457,2024-07-10T15:46:37.070196Z,3703,2
458,2024-07-10T15:46:37.612537Z,3615,2
459,2024-07-10T15:46:38.152969Z,3255,1
460,2024-07-10T15:46:38.689808Z,3703,2
461,2024-07-10T15:46:39.229136Z,2723,1
462,2024-07-10T15:46:39.772323Z,3615,2
463,2024-07-10T15:46:40.318266Z,2723,1
464,2024-07-10T15:46:40.861559Z,3703,2
465,2024-07-10T15:46:41.401185Z,2723,1
466,2024-07-10T15:46:41.951523Z,4147,2
467,2024-07-10T15:46:42.497075Z,2723,1
468,2024-07-10T15:46:43.041717Z,3703,2
469,2024-07-10T15:46:43.584913Z,2723,1
470,2024-07-10T15:46:44.128438Z,4147,2
471,2024-07-10T15:46:44.676622Z,3703,2
472,2024-07-10T15:46:45.218862Z,2723,1
473,2024-07-10T15:46:45.762033Z,3615,2
474,2024-07-10T15:46:46.302819Z,3255,1
475,2024-07-10T15:46:46.856126Z,3703,2
476,2024-07-10T15:46:47.405748Z,2723,1
477,2024-07-10T15:46:47.949126Z,3615,2
478,2024-07-10T15:46:48.491082Z,2723,1
479,2024-07-10T15:46:49.037209Z,3703,2
480,2024-07-10T15:46:49.57918Z,2721,1
481,2024-07-10T15:46:50.120058Z,4147,2
482,2024-07-10T15:46:50.662905Z,2723,1
483,2024-07-10T15:46:51.204281Z,3703,2
484,2024-07-10T15:46:51.745174Z,3615,2
485,2024-07-10T15:46:52.286396Z,3255,1
486,2024-07-10T15:46:52.825756Z,3703,2
487,2024-07-10T15:46:53.368014Z,2723,1
488,2024-07-10T15:46:53.908542Z,3615,2
489,2024-07-10T15:46:54.44483Z,2721,1
490,2024-07-10T15:46:54.982218Z,3703,2
491,2024-07-10T15:46:55.526162Z,2723,1
492,2024-07-10T15:46:56.068857Z,4147,2
493,2024-07-10T15:46:56.62347Z,2721,1
494,2024-07-10T15:46:57.182322Z,3703,2
495,2024-07-10T15:46:57.728428Z,2723,1
496,2024-07-10T15:46:58.279493Z,4147,2
497,2024-07-10T15:46:58.826245Z,3703,2
498,2024-07-10T15:46:59.376829Z,2723,1
499,2024-07-10T15:46:59.921547Z,3615,2
500,2024-07-10T15:47:00.460193Z,3255,1
501,2024-07-10T15:47:01.001653Z,3703,2
502,2024-07-10T15:47:01.543905Z,2723,1
503,2024-07-10T15:47:02.080589Z,3615,2
504,2024-07-10T15:47:02.61769Z,2721,1
505,2024-07-10T15:47:03.158551Z,3703,2
506,2024-07-10T15:47:03.700983Z,2723,1
507,2024-07-10T15:47:04.247264Z,4147,2
508,2024-07-10T15:47:04.786236Z,2723,1
509,2024-07-10T15:47:05.323494Z,3703,2
510,2024-07-10T15:47:05.861941Z,3615,2
511,2024-07-10T15:47:06.40503Z,3253,1
512,2024-07-10T15:47:06.950477Z,3703,2
513,2024-07-10T15:47:07.492391Z,2723,1
514,2024-07-10T15:47:08.026863Z,3615,2
515,2024-07-10T15:47:08.571618Z,2723,1
516,2024-07-10T15:47:09.120943Z,3703,2
517,2024-07-10T15:47:09.66472Z,2721,1
518,2024-07-10T15:47:10.203716Z,4147,2
519,2024-07-10T15:47:10.75172Z,2721,1
520,2024-07-10T15:47:11.297258Z,3703,2
521,2024-07-10T15:47:11.842492Z,2723,1
522,2024-07-10T15:47:12.378395Z,4147,2
523,2024-07-10T15:47:12.924503Z,3703,2
524,2024-07-10T15:47:13.468971Z,2723,1
525,2024-07-10T15:47:14.01142Z,3613,2
526,2024-07-10T15:47:14.562898Z,3255,1
527,2024-07-10T15:47:15.107437Z,3703,2
528,2024-07-10T15:47:15.650879Z,2723,1
529,2024-07-10T15:47:16.19068Z,3613,2
530,2024-07-10T15:47:16.729265Z,2723,1
531,2024-07-10T15:47:17.266642Z,3703,2
532,2024-07-10T15:47:17.805304Z,2723,1
533,2024-07-10T15:47:18.341437Z,4147,2
534,2024-07-10T15:47:18.884961Z,2723,1
535,2024-07-10T15:47:19.421206Z,3703,2
536,2024-07-10T15:47:19.959109Z,3615,2
537,2024-07-10T15:47:20.494261Z,3255,1
538,2024-07-10T15:47:21.041684Z,3703,2
539,2024-07-10T15:47:21.578784Z,2723,1
540,2024-07-10T15:47:22.113265Z,3615,2
541,2024-07-10T15:47:22.648685Z,2723,1
542,2024-07-10T15:47:23.190622Z,3703,2
543,2024-07-10T15:47:23.731164Z,2723,1
544,2024-07-10T15:47:24.27779Z,4145,2
545,2024-07-10T15:47:24.820531Z,2723,1
546,2024-07-10T15:47:25.363543Z,3703,2
547,2024-07-10T15:47:25.904527Z,2723,1
548,2024-07-10T15:47:26.44718Z,4145,2
549,2024-07-10T15:47:26.990248Z,3703,2
550,2024-07-10T15:47:27.526116Z,2723,1
551,2024-07-10T15:47:28.070896Z,3615,2
552,2024-07-10T15:47:28.620218Z,3255,1
553,2024-07-10T15:47:29.157205Z,3703,2
554,2024-07-10T15:47:29.691007Z,2723,1
555,2024-07-10T15:47:30.226078Z,3615,2
556,2024-07-10T15:47:30.767538Z,2723,1
557,2024-07-10T15:47:31.305185Z,3703,2
558,2024-07-10T15:47:31.848642Z,2723,1
559,2024-07-10T15:47:32.383388Z,4147,2
560,2024-07-10T15:47:32.93002Z,2721,1
561,2024-07-10T15:47:33.469936Z,3703,2
562,2024-07-10T15:47:34.009112Z,3615,2
563,2024-07-10T15:47:34.548572Z,3255,1
564,2024-07-10T15:47:35.088905Z,3703,2
565,2024-07-10T15:47:35.625374Z,2723,1
566,2024-07-10T15:47:36.163241Z,3615,2
567,2024-07-10T15:47:36.703791Z,2723,1
568,2024-07-10T15:47:37.250891Z,3703,2
569,2024-07-10T15:47:37.787387Z,2723,1
570,2024-07-10T15:47:38.328589Z,4147,2
571,2024-07-10T15:47:38.871093Z,2723,1
572,2024-07-10T15:47:39.414615Z,3703,2
573,2024-07-10T15:47:39.955723Z,2723,1
574,2024-07-10T15:47:40.498316Z,4147,2
575,2024-07-10T15:47:41.039304Z,3703,2
576,2024-07-10T15:47:41.572418Z,2723,1
577,2024-07-10T15:47:42.111801Z,3615,2
578,2024-07-10T15:47:42.650435Z,3255,1
579,2024-07-10T15:47:43.190297Z,3703,2
580,2024-07-10T15:47:43.724003Z,2723,1
581,2024-07-10T15:47:44.259625Z,3615,2
582,2024-07-10T15:47:44.800424Z,2723,1
583,2024-07-10T15:47:45.339631Z,3703,2
584,2024-07-10T15:47:45.876086Z,2723,1
585,2024-07-10T15:47:46.416743Z,4147,2
586,2024-07-10T15:47:46.953415Z,2723,1
587,2024-07-10T15:47:47.48958Z,3701,2
588,2024-07-10T15:47:48.031224Z,2723,1
589,2024-07-10T15:47:48.572925Z,4147,2
590,2024-07-10T15:47:49.119191Z,3703,2
591,2024-07-10T15:47:49.657668Z,2723,1
592,2024-07-10T15:47:50.196987Z,3615,2
593,2024-07-10T15:47:50.736026Z,3255,1
594,2024-07-10T15:47:51.279359Z,3703,2
595,2024-07-10T15:47:51.819968Z,2723,1
596,2024-07-10T15:47:52.35729Z,3613,2
597,2024-07-10T15:47:52.897487Z,2723,1
598,2024-07-10T15:47:53.436525Z,3703,2
599,2024-07-10T15:47:53.972663Z,2723,1
600,2024-07-10T15:47:54.508961Z,4147,2
601,2024-07-10T15:47:55.045898Z,2723,1
602,2024-07-10T15:47:55.596085Z,3703,2
603,2024-07-10T15:47:56.13235Z,3613,2
604,2024-07-10T15:47:56.668695Z,3255,1
605,2024-07-10T15:47:57.213939Z,3703,2
606,2024-07-10T15:47:57.757187Z,2723,1
607,2024-07-10T15:47:58.29773Z,3613,2
608,2024-07-10T15:47:58.835995Z,2723,1
609,2024-07-10T15:47:59.383228Z,3703,2
610,2024-07-10T15:47:59.933459Z,2723,1
611,2024-07-10T15:48:00.475202Z,4147,2
612,2024-07-10T15:48:01.020396Z,2723,1
613,2024-07-10T15:48:01.558631Z,3703,2
614,2024-07-10T15:48:02.092624Z,2723,1
615,2024-07-10T15:48:02.632083Z,4147,2
616,2024-07-10T15:48:03.186196Z,3703,2
617,2024-07-10T15:48:03.72577Z,2721,1
618,2024-07-10T15:48:04.272295Z,3615,2
619,2024-07-10T15:48:04.816434Z,3255,1
620,2024-07-10T15:48:05.360918Z,3703,2
621,2024-07-10T15:48:05.909903Z,2723,1
622,2024-07-10T15:48:06.452303Z,3615,2
623,2024-07-10T15:48:06.988129Z,2723,1
624,2024-07-10T15:48:07.531496Z,3703,2
625,2024-07-10T15:48:08.070725Z,2723,1
626,2024-07-10T15:48:08.613144Z,4147,2
627,2024-07-10T15:48:09.162658Z,2723,1
628,2024-07-10T15:48:09.698486Z,3703,2
629,2024-07-10T15:48:10.235334Z,3615,2
630,2024-07-10T15:48:10.776714Z,3255,1
631,2024-07-10T15:48:11.3248Z,3699,2
632,2024-07-10T15:48:11.864166Z,2723,1
633,2024-07-10T15:48:12.401822Z,3615,2
634,2024-07-10T15:48:12.941623Z,2723,1
635,2024-07-10T15:48:13.480263Z,3703,2
636,2024-07-10T15:48:14.019121Z,2723,1
637,2024-07-10T15:48:14.55953Z,4145,2
638,2024-07-10T15:48:15.10395Z,2721,1
639,2024-07-10T15:48:15.646984Z,3703,2
640,2024-07-10T15:48:16.184757Z,2723,1
641,2024-07-10T15:48:16.720574Z,4147,2
642,2024-07-10T15:48:17.273551Z,3703,2
643,2024-07-10T15:48:17.814966Z,2723,1
644,2024-07-10T15:48:18.363362Z,3615,2
645,2024-07-10T15:48:18.900544Z,3255,1
646,2024-07-10T15:48:19.445107Z,3703,2
647,2024-07-10T15:48:19.982635Z,2723,1
648,2024-07-10T15:48:20.527406Z,3615,2
649,2024-07-10T15:48:21.070868Z,2723,1
650,2024-07-10T15:48:21.608107Z,3703,2
651,2024-07-10T15:48:22.155245Z,2723,1
652,2024-07-10T15:48:22.692128Z,4147,2
653,2024-07-10T15:48:23.23155Z,2721,1
654,2024-07-10T15:48:23.769636Z,3703,2
655,2024-07-10T15:48:24.306055Z,3615,2
656,2024-07-10T15:48:24.841173Z,3255,1
657,2024-07-10T15:48:25.387905Z,3703,2
658,2024-07-10T15:48:25.924067Z,2723,1
659,2024-07-10T15:48:26.46276Z,3613,2
660,2024-07-10T15:48:27.000836Z,2723,1
661,2024-07-10T15:48:27.536915Z,3703,2
662,2024-07-10T15:48:28.081612Z,2723,1
663,2024-07-10T15:48:28.616446Z,4147,2
664,2024-07-10T15:48:29.158504Z,2723,1
665,2024-07-10T15:48:29.69991Z,3701,2
666,2024-07-10T15:48:30.235975Z,2723,1
667,2024-07-10T15:48:30.780806Z,4147,2
668,2024-07-10T15:48:31.327757Z,3703,2
669,2024-07-10T15:48:31.870573Z,2723,1
670,2024-07-10T15:48:32.422237Z,3615,2
671,2024-07-10T15:48:32.967988Z,3255,1
672,2024-07-10T15:48:33.518745Z,3703,2
673,2024-07-10T15:48:34.061414Z,2723,1
674,2024-07-10T15:48:34.598759Z,3615,2
675,2024-07-10T15:48:35.142081Z,2723,1
676,2024-07-10T15:48:35.681099Z,3703,2
677,2024-07-10T15:48:36.230119Z,2723,1
678,2024-07-10T15:48:36.765475Z,4147,2
679,2024-07-10T15:48:37.316329Z,2723,1
680,2024-07-10T15:48:37.855142Z,3703,2
681,2024-07-10T15:48:38.39441Z,3613,2
682,2024-07-10T15:48:38.934497Z,3255,1
683,2024-07-10T15:48:39.482631Z,3703,2
684,2024-07-10T15:48:40.022707Z,2723,1
685,2024-07-10T15:48:40.562215Z,3615,2
686,2024-07-10T15:48:41.10346Z,2721,1
687,2024-07-10T15:48:41.64964Z,3701,2
688,2024-07-10T15:48:42.184065Z,2723,1
689,2024-07-10T15:48:42.720656Z,4147,2
690,2024-07-10T15:48:43.259641Z,2723,1
691,2024-07-10T15:48:43.798572Z,3703,2
692,2024-07-10T15:48:44.340042Z,2723,1
693,2024-07-10T15:48:44.885163Z,4147,2
694,2024-07-10T15:48:45.425043Z,3703,2
695,2024-07-10T15:48:45.964631Z,2723,1
696,2024-07-10T15:48:46.499749Z,3615,2
697,2024-07-10T15:48:47.038949Z,3255,1
698,2024-07-10T15:48:47.586982Z,3703,2
699,2024-07-10T15:48:48.13122Z,2721,1
700,2024-07-10T15:48:48.670771Z,3615,2
701,2024-07-10T15:48:49.210036Z,2723,1
702,2024-07-10T15:48:49.749205Z,3703,2
703,2024-07-10T15:48:50.289259Z,2723,1
704,2024-07-10T15:48:50.824344Z,4147,2
705,2024-07-10T15:48:51.371267Z,2723,1
706,2024-07-10T15:48:51.915888Z,3703,2
707,2024-07-10T15:48:52.464629Z,3615,2
708,2024-07-10T15:48:52.99874Z,3253,1
709,2024-07-10T15:48:53.540155Z,3703,2
710,2024-07-10T15:48:54.081536Z,2723,1
711,2024-07-10T15:48:54.627992Z,3615,2
712,2024-07-10T15:48:55.167795Z,2723,1
713,2024-07-10T15:48:55.711991Z,3703,2
714,2024-07-10T15:48:56.251286Z,2723,1
715,2024-07-10T15:48:56.789246Z,4147,2
716,2024-07-10T15:48:57.337229Z,2723,1
717,2024-07-10T15:48:57.882222Z,3703,2
718,2024-07-10T15:48:58.421243Z,2723,1
719,2024-07-10T15:48:58.959601Z,4147,2
720,2024-07-10T15:48:59.504056Z,2723,1
721,2024-07-10T15:49:00.049164Z,3703,2
722,2024-07-10T15:49:00.588867Z,3615,2
723,2024-07-10T15:49:01.125405Z,3255,1
724,2024-07-10T15:49:01.673707Z,3703,2
725,2024-07-10T15:49:02.209124Z,2723,1
726,2024-07-10T15:49:02.751722Z,3615,2
727,2024-07-10T15:49:03.29583Z,2721,1
728,2024-07-10T15:49:03.839532Z,3703,2
729,2024-07-10T15:49:04.387814Z,2723,1
730,2024-07-10T15:49:04.932982Z,4147,2
731,2024-07-10T15:49:05.478818Z,2723,1
732,2024-07-10T15:49:06.015211Z,3703,2
733,2024-07-10T15:49:06.553143Z,2723,1
734,2024-07-10T15:49:07.093298Z,4147,2
735,2024-07-10T15:49:07.635075Z,3703,2
736,2024-07-10T15:49:08.171339Z,2723,1
737,2024-07-10T15:49:08.708779Z,3615,2
738,2024-07-10T15:49:09.245675Z,3255,1
739,2024-07-10T15:49:09.785982Z,3703,2
740,2024-07-10T15:49:10.323259Z,2723,1
741,2024-07-10T15:49:10.861894Z,3615,2
742,2024-07-10T15:49:11.406668Z,2723,1
743,2024-07-10T15:49:11.951724Z,3703,2
744,2024-07-10T15:49:12.497562Z,2723,1
745,2024-07-10T15:49:13.041436Z,4147,2
746,2024-07-10T15:49:13.583016Z,2723,1
747,2024-07-10T15:49:14.127412Z,3703,2
748,2024-07-10T15:49:14.676118Z,3615,2
749,2024-07-10T15:49:15.220739Z,3255,1
750,2024-07-10T15:49:15.761684Z,3703,2
751,2024-07-10T15:49:16.310615Z,2723,1
752,2024-07-10T15:49:16.852594Z,3615,2
753,2024-07-10T15:49:17.396493Z,2723,1
754,2024-07-10T15:49:17.942871Z,3703,2
755,2024-07-10T15:49:18.482652Z,2723,1
756,2024-07-10T15:49:19.021714Z,4147,2
757,2024-07-10T15:49:19.56622Z,2721,1
758,2024-07-10T15:49:20.110753Z,3703,2
759,2024-07-10T15:49:20.661153Z,2723,1
760,2024-07-10T15:49:21.197599Z,4147,2
761,2024-07-10T15:49:21.737489Z,3703,2
762,2024-07-10T15:49:22.275032Z,2723,1
763,2024-07-10T15:49:22.813359Z,3615,2
764,2024-07-10T15:49:23.353986Z,3255,1
765,2024-07-10T15:49:23.897594Z,3703,2
766,2024-07-10T15:49:24.443013Z,2723,1
767,2024-07-10T15:49:24.983707Z,3615,2
768,2024-07-10T15:49:25.522806Z,2723,1
769,2024-07-10T15:49:26.060468Z,3703,2
770,2024-07-10T15:49:26.597737Z,2723,1
771,2024-07-10T15:49:27.141084Z,4147,2
772,2024-07-10T15:49:27.683057Z,2723,1
773,2024-07-10T15:49:28.221887Z,3703,2
774,2024-07-10T15:49:28.760836Z,3615,2
775,2024-07-10T15:49:29.3032Z,3251,1
776,2024-07-10T15:49:29.847612Z,3703,2
777,2024-07-10T15:49:30.391476Z,2723,1
778,2024-07-10T15:49:30.93349Z,3613,2
779,2024-07-10T15:49:31.475537Z,2723,1
780,2024-07-10T15:49:32.025717Z,3703,2
781,2024-07-10T15:49:32.573503Z,2723,1
782,2024-07-10T15:49:33.117699Z,4147,2
783,2024-07-10T15:49:33.655515Z,2723,1
784,2024-07-10T15:49:34.195146Z,3703,2
785,2024-07-10T15:49:34.738324Z,2723,1
786,2024-07-10T15:49:35.280913Z,4147,2
787,2024-07-10T15:49:35.823018Z,3703,2
788,2024-07-10T15:49:36.360175Z,2723,1
789,2024-07-10T15:49:36.901783Z,3615,2
790,2024-07-10T15:49:37.440545Z,3255,1
791,2024-07-10T15:49:37.977968Z,3703,2
792,2024-07-10T15:49:38.514379Z,2723,1
793,2024-07-10T15:49:39.051186Z,3615,2
794,2024-07-10T15:49:39.592848Z,2723,1
795,2024-07-10T15:49:40.129696Z,3703,2
796,2024-07-10T15:49:40.667342Z,2723,1
797,2024-07-10T15:49:41.209852Z,4147,2
798,2024-07-10T15:49:41.754865Z,2723,1
799,2024-07-10T15:49:42.298447Z,3703,2
800,2024-07-10T15:49:42.839622Z,3615,2
801,2024-07-10T15:49:43.382562Z,3255,1
802,2024-07-10T15:49:43.924034Z,3703,2
803,2024-07-10T15:49:44.470284Z,2723,1
804,2024-07-10T15:49:45.006448Z,3615,2
805,2024-07-10T15:49:45.545336Z,2723,1
806,2024-07-10T15:49:46.084886Z,3703,2
807,2024-07-10T15:49:46.630066Z,2723,1
808,2024-07-10T15:49:47.169029Z,4147,2
809,2024-07-10T15:49:47.716618Z,2723,1
810,2024-07-10T15:49:48.26244Z,3701,2
811,2024-07-10T15:49:48.806664Z,2723,1
812,2024-07-10T15:49:49.342996Z,4147,2
813,2024-07-10T15:49:49.888059Z,3703,2
814,2024-07-10T15:49:50.425742Z,2723,1
815,2024-07-10T15:49:50.963179Z,3615,2
816,2024-07-10T15:49:51.499619Z,3255,1
817,2024-07-10T15:49:52.044492Z,3703,2
818,2024-07-10T15:49:52.588219Z,2723,1
819,2024-07-10T15:49:53.13553Z,3613,2
820,2024-07-10T15:49:53.680181Z,2723,1
821,2024-07-10T15:49:54.232813Z,3703,2
822,2024-07-10T15:49:54.778926Z,2723,1
823,2024-07-10T15:49:55.318952Z,4147,2
824,2024-07-10T15:49:55.866567Z,2723,1
825,2024-07-10T15:49:56.40987Z,3701,2
826,2024-07-10T15:49:56.953731Z,3615,2
827,2024-07-10T15:49:57.489799Z,3255,1
828,2024-07-10T15:49:58.029739Z,3703,2
829,2024-07-10T15:49:58.567299Z,2723,1
830,2024-07-10T15:49:59.102358Z,3615,2
831,2024-07-10T15:49:59.640882Z,2723,1
832,2024-07-10T15:50:00.176004Z,3703,2
833,2024-07-10T15:50:00.729737Z,2723,1
834,2024-07-10T15:50:01.276447Z,4147,2
835,2024-07-10T15:50:01.817129Z,2723,1
836,2024-07-10T15:50:02.352567Z,3703,2
837,2024-07-10T15:50:02.892501Z,2723,1
838,2024-07-10T15:50:03.432631Z,4147,2
839,2024-07-10T15:50:03.977246Z,3703,2
840,2024-07-10T15:50:04.522933Z,2723,1
841,2024-07-10T15:50:05.060881Z,3615,2
842,2024-07-10T15:50:05.59816Z,3253,1
843,2024-07-10T15:50:06.139314Z,3703,2
844,2024-07-10T15:50:06.678094Z,2723,1
845,2024-07-10T15:50:07.217058Z,3615,2
846,2024-07-10T15:50:07.753296Z,2723,1
847,2024-07-10T15:50:08.291761Z,3703,2
848,2024-07-10T15:50:08.832271Z,2723,1
849,2024-07-10T15:50:09.375452Z,4147,2
850,2024-07-10T15:50:09.919325Z,2723,1
851,2024-07-10T15:50:10.458648Z,3703,2
852,2024-07-10T15:50:11.000787Z,2723,1
853,2024-07-10T15:50:11.538387Z,4147,2
854,2024-07-10T15:50:12.078142Z,3703,2
855,2024-07-10T15:50:12.615264Z,2723,1
856,2024-07-10T15:50:13.155639Z,3615,2
857,2024-07-10T15:50:13.692723Z,3255,1
858,2024-07-10T15:50:14.237898Z,3703,2
859,2024-07-10T15:50:14.779045Z,2723,1
860,2024-07-10T15:50:15.317726Z,3615,2
861,2024-07-10T15:50:15.855455Z,2723,1
862,2024-07-10T15:50:16.394415Z,3703,2
863,2024-07-10T15:50:16.934047Z,2723,1
864,2024-07-10T15:50:17.471794Z,4147,2
865,2024-07-10T15:50:18.009302Z,2723,1
866,2024-07-10T15:50:18.551502Z,3703,2
867,2024-07-10T15:50:19.097096Z,3615,2
868,2024-07-10T15:50:19.635428Z,3255,1
869,2024-07-10T15:50:20.171876Z,3703,2
870,2024-07-10T15:50:20.709721Z,2723,1
871,2024-07-10T15:50:21.248928Z,3615,2
872,2024-07-10T15:50:21.788036Z,2723,1
873,2024-07-10T15:50:22.323091Z,3703,2
874,2024-07-10T15:50:22.862803Z,2723,1
875,2024-07-10T15:50:23.406832Z,4147,2
876,2024-07-10T15:50:23.957934Z,2723,1
877,2024-07-10T15:50:24.498516Z,3703,2
878,2024-07-10T15:50:25.035623Z,2723,1
879,2024-07-10T15:50:25.575412Z,4147,2
880,2024-07-10T15:50:26.120242Z,2723,1
881,2024-07-10T15:50:26.658097Z,3703,2
882,2024-07-10T15:50:27.19559Z,3613,2
883,2024-07-10T15:50:27.730994Z,3255,1
884,2024-07-10T15:50:28.274052Z,3703,2
885,2024-07-10T15:50:28.823911Z,2723,1
886,2024-07-10T15:50:29.369307Z,3615,2
887,2024-07-10T15:50:29.908181Z,2723,1
888,2024-07-10T15:50:30.449145Z,3703,2
889,2024-07-10T15:50:30.989857Z,2723,1
890,2024-07-10T15:50:31.528848Z,4147,2
891,2024-07-10T15:50:32.079185Z,2723,1
892,2024-07-10T15:50:32.62321Z,3701,2
893,2024-07-10T15:50:33.16719Z,3613,2
894,2024-07-10T15:50:33.707749Z,3255,1
895,2024-07-10T15:50:34.260347Z,3703,2
896,2024-07-10T15:50:34.805061Z,2723,1
897,2024-07-10T15:50:35.344983Z,3615,2
898,2024-07-10T15:50:35.884976Z,2723,1
899,2024-07-10T15:50:36.424849Z,3703,2
900,2024-07-10T15:50:36.959045Z,2723,1
901,2024-07-10T15:50:37.49961Z,4145,2
902,2024-07-10T15:50:38.045018Z,2723,1
903,2024-07-10T15:50:38.58639Z,3701,2
904,2024-07-10T15:50:39.130483Z,2723,1
905,2024-07-10T15:50:39.675331Z,4147,2
906,2024-07-10T15:50:40.220325Z,3703,2
907,2024-07-10T15:50:40.760681Z,2723,1
908,2024-07-10T15:50:41.307741Z,3615,2
909,2024-07-10T15:50:41.850066Z,3255,1
910,2024-07-10T15:50:42.390238Z,3703,2
911,2024-07-10T15:50:42.930125Z,2723,1
912,2024-07-10T15:50:43.468798Z,3615,2
913,2024-07-10T15:50:44.006634Z,2723,1
914,2024-07-10T15:50:44.55257Z,3701,2
915,2024-07-10T15:50:45.098827Z,2723,1
916,2024-07-10T15:50:45.637567Z,4147,2
917,2024-07-10T15:50:46.1785Z,2719,1
918,2024-07-10T15:50:46.71722Z,3701,2
919,2024-07-10T15:50:47.2562Z,2719,1
920,2024-07-10T15:50:47.7987Z,4143,2
921,2024-07-10T15:50:48.348025Z,3703,2
922,2024-07-10T15:50:48.896221Z,2723,1
923,2024-07-10T15:50:49.43956Z,3613,2
924,2024-07-10T15:50:49.974336Z,3255,1
925,2024-07-10T15:50:50.521383Z,3703,2
926,2024-07-10T15:50:51.064385Z,2723,1
927,2024-07-10T15:50:51.608665Z,3615,2
928,2024-07-10T15:50:52.153142Z,2723,1
929,2024-07-10T15:50:52.687203Z,3703,2
930,2024-07-10T15:50:53.223631Z,2723,1
931,2024-07-10T15:50:53.762565Z,4147,2
932,2024-07-10T15:50:54.310378Z,2723,1
933,2024-07-10T15:50:54.852139Z,3703,2
934,2024-07-10T15:50:55.391433Z,3615,2
935,2024-07-10T15:50:55.935392Z,3255,1
936,2024-07-10T15:50:56.476811Z,3703,2
937,2024-07-10T15:50:57.015322Z,2723,1
938,2024-07-10T15:50:57.553743Z,3615,2
939,2024-07-10T15:50:58.090278Z,2723,1
940,2024-07-10T15:50:58.62557Z,3701,2
941,2024-07-10T15:50:59.164351Z,2723,1
942,2024-07-10T15:50:59.703071Z,4147,2
943,2024-07-10T15:51:00.23937Z,2721,1
944,2024-07-10T15:51:00.783052Z,3703,2
945,2024-07-10T15:51:01.322348Z,2723,1
946,2024-07-10T15:51:01.862309Z,4147,2
947,2024-07-10T15:51:02.403324Z,3703,2
948,2024-07-10T15:51:02.944353Z,2723,1
949,2024-07-10T15:51:03.48653Z,3613,2
950,2024-07-10T15:51:04.026803Z,3255,1
951,2024-07-10T15:51:04.567889Z,3703,2
952,2024-07-10T15:51:05.106343Z,2723,1
953,2024-07-10T15:51:05.647636Z,3615,2
954,2024-07-10T15:51:06.188563Z,2723,1
955,2024-07-10T15:51:06.727924Z,3703,2
956,2024-07-10T15:51:07.268492Z,2723,1
957,2024-07-10T15:51:07.805532Z,4147,2
958,2024-07-10T15:51:08.352564Z,2723,1
959,2024-07-10T15:51:08.896764Z,3703,2
960,2024-07-10T15:51:09.438403Z,3615,2
961,2024-07-10T15:51:09.992337Z,3255,1
962,2024-07-10T15:51:10.534026Z,3703,2
963,2024-07-10T15:51:11.071302Z,2723,1
964,2024-07-10T15:51:11.611393Z,3615,2
965,2024-07-10T15:51:12.150017Z,2723,1
966,2024-07-10T15:51:12.685109Z,3703,2
967,2024-07-10T15:51:13.221467Z,2723,1
968,2024-07-10T15:51:13.761761Z,4147,2
969,2024-07-10T15:51:14.299252Z,2723,1
970,2024-07-10T15:51:14.840738Z,3703,2
971,2024-07-10T15:51:15.378707Z,2723,1
972,2024-07-10T15:51:15.913016Z,4147,2
973,2024-07-10T15:51:16.451073Z,2723,1
974,2024-07-10T15:51:16.996365Z,3703,2
975,2024-07-10T15:51:17.53892Z,3613,2
976,2024-07-10T15:51:18.080618Z,3255,1
977,2024-07-10T15:51:18.617027Z,3703,2
978,2024-07-10T15:51:19.155959Z,2723,1
979,2024-07-10T15:51:19.691576Z,3615,2
980,2024-07-10T15:51:20.227685Z,2723,1
981,2024-07-10T15:51:20.772876Z,3703,2
982,2024-07-10T15:51:21.323219Z,2723,1
983,2024-07-10T15:51:21.864525Z,4147,2
984,2024-07-10T15:51:22.413261Z,2723,1
985,2024-07-10T15:51:22.957542Z,3703,2
986,2024-07-10T15:51:23.501849Z,3615,2
987,2024-07-10T15:51:24.045342Z,3255,1
988,2024-07-10T15:51:24.589316Z,3703,2
989,2024-07-10T15:51:25.125936Z,2723,1
990,2024-07-10T15:51:25.664296Z,3615,2
991,2024-07-10T15:51:26.205071Z,2723,1
992,2024-07-10T15:51:26.745779Z,3703,2
993,2024-07-10T15:51:27.285904Z,2723,1
994,2024-07-10T15:51:27.830712Z,4147,2
995,2024-07-10T15:51:28.376431Z,2723,1
996,2024-07-10T15:51:28.915288Z,3703,2
997,2024-07-10T15:51:29.455029Z,2723,1
998,2024-07-10T15:51:29.996134Z,4147,2
999,2024-07-10T15:51:30.541672Z,2723,1
1000,2024-07-10T15:51:31.082906Z,3704,2
1001,2024-07-10T15:51:31.627851Z,3617,2
1002,2024-07-10T15:51:32.169056Z,3257,1
1003,2024-07-10T15:51:32.70946Z,3703,2
1004,2024-07-10T15:51:33.25199Z,2723,1
1005,2024-07-10T15:51:33.789312Z,3617,2
1006,2024-07-10T15:51:34.326447Z,2725,1
1007,2024-07-10T15:51:34.8638Z,3701,2
1008,2024-07-10T15:51:35.403494Z,2725,1
1009,2024-07-10T15:51:35.942361Z,4149,2
1010,2024-07-10T15:51:36.490886Z,2725,1
1011,2024-07-10T15:51:37.034605Z,3705,2
1012,2024-07-10T15:51:37.580277Z,2725,1
1013,2024-07-10T15:51:38.126381Z,4149,2
1014,2024-07-10T15:51:38.667625Z,3705,2
1015,2024-07-10T15:51:39.205907Z,2725,1
1016,2024-07-10T15:51:39.746582Z,3617,2
1017,2024-07-10T15:51:40.284764Z,3257,1
1018,2024-07-10T15:51:40.8313Z,3701,2
1019,2024-07-10T15:51:41.375573Z,2725,1
1020,2024-07-10T15:51:41.91436Z,3615,2
1021,2024-07-10T15:51:42.45966Z,2723,1
1022,2024-07-10T15:51:43.002667Z,3705,2
1023,2024-07-10T15:51:43.540432Z,2725,1
1024,2024-07-10T15:51:44.080128Z,4149,2
1025,2024-07-10T15:51:44.632267Z,2725,1
1026,2024-07-10T15:51:45.170136Z,3705,2
1027,2024-07-10T15:51:45.706376Z,3617,2
1028,2024-07-10T15:51:46.248846Z,3257,1
1029,2024-07-10T15:51:46.786855Z,3705,2
1030,2024-07-10T15:51:47.328391Z,2725,1
1031,2024-07-10T15:51:47.86568Z,3615,2
1032,2024-07-10T15:51:48.407263Z,2725,1
1033,2024-07-10T15:51:48.948654Z,3705,2
1034,2024-07-10T15:51:49.483615Z,2725,1
1035,2024-07-10T15:51:50.022907Z,4149,2
1036,2024-07-10T15:51:50.567264Z,2725,1
1037,2024-07-10T15:51:51.103671Z,3705,2
1038,2024-07-10T15:51:51.648941Z,2725,1
1039,2024-07-10T15:51:52.342144Z,4149,2
1040,2024-07-10T15:51:52.880041Z,3705,2
1041,2024-07-10T15:51:53.415908Z,2725,1
1042,2024-07-10T15:51:53.961719Z,3617,2
1043,2024-07-10T15:51:54.501442Z,3257,1
1044,2024-07-10T15:51:55.039031Z,3705,2
1045,2024-07-10T15:51:55.579268Z,2725,1
1046,2024-07-10T15:51:56.117277Z,3617,2
1047,2024-07-10T15:51:56.653797Z,2725,1
1048,2024-07-10T15:51:57.189238Z,3705,2
1049,2024-07-10T15:51:57.72927Z,2723,1
1050,2024-07-10T15:51:58.278892Z,4149,2
1051,2024-07-10T15:51:58.823251Z,2725,1
1052,2024-07-10T15:51:59.365302Z,3705,2
1053,2024-07-10T15:51:59.905041Z,3617,2
1054,2024-07-10T15:52:00.442023Z,3257,1
1055,2024-07-10T15:52:00.987823Z,3705,2
1056,2024-07-10T15:52:01.529432Z,2725,1
1057,2024-07-10T15:52:02.066908Z,3617,2
1058,2024-07-10T15:52:02.600881Z,2725,1
1059,2024-07-10T15:52:03.141832Z,3705,2
1060,2024-07-10T15:52:03.67938Z,2723,1
1061,2024-07-10T15:52:04.21693Z,4147,2
1062,2024-07-10T15:52:04.756858Z,2725,1
1063,2024-07-10T15:52:05.293074Z,3705,2
1064,2024-07-10T15:52:05.831115Z,2725,1
1065,2024-07-10T15:52:06.3673Z,4145,2
1066,2024-07-10T15:52:06.905073Z,2725,1
1067,2024-07-10T15:52:07.441208Z,3705,2
1068,2024-07-10T15:52:07.978811Z,3617,2
1069,2024-07-10T15:52:08.518358Z,3257,1
1070,2024-07-10T15:52:09.063357Z,3705,2
1071,2024-07-10T15:52:09.60716Z,2723,1
1072,2024-07-10T15:52:10.147656Z,3617,2
1073,2024-07-10T15:52:10.685283Z,2725,1
1074,2024-07-10T15:52:11.225125Z,3705,2
1075,2024-07-10T15:52:11.76391Z,2723,1
1076,2024-07-10T15:52:12.303909Z,4149,2
1077,2024-07-10T15:52:12.849959Z,2725,1
1078,2024-07-10T15:52:13.397464Z,3705,2
1079,2024-07-10T15:52:13.938539Z,2725,1
1080,2024-07-10T15:52:14.481618Z,4149,2
1081,2024-07-10T15:52:15.018907Z,3705,2
1082,2024-07-10T15:52:15.55915Z,2723,1
1083,2024-07-10T15:52:16.095729Z,3617,2
1084,2024-07-10T15:52:16.63889Z,3255,1
1085,2024-07-10T15:52:17.181906Z,3705,2
1086,2024-07-10T15:52:17.72027Z,2723,1
1087,2024-07-10T15:52:18.264962Z,3617,2
1088,2024-07-10T15:52:18.803457Z,2725,1
1089,2024-07-10T15:52:19.350289Z,3705,2
1090,2024-07-10T15:52:19.895171Z,2725,1
1091,2024-07-10T15:52:20.435656Z,4149,2
1092,2024-07-10T15:52:20.980835Z,2725,1
1093,2024-07-10T15:52:21.51717Z,3703,2
1094,2024-07-10T15:52:22.056549Z,2725,1
1095,2024-07-10T15:52:22.59756Z,4147,2
1096,2024-07-10T15:52:23.138617Z,3705,2
1097,2024-07-10T15:52:23.674751Z,2725,1
1098,2024-07-10T15:52:24.21092Z,3615,2
1099,2024-07-10T15:52:24.749487Z,3257,1
1100,2024-07-10T15:52:25.29716Z,3703,2
1101,2024-07-10T15:52:25.842104Z,2725,1
1102,2024-07-10T15:52:26.392158Z,3617,2
1103,2024-07-10T15:52:26.931181Z,2725,1
1104,2024-07-10T15:52:27.469671Z,3705,2
1105,2024-07-10T15:52:28.008762Z,2725,1
1106,2024-07-10T15:52:28.554151Z,4149,2
1107,2024-07-10T15:52:29.099431Z,2725,1
1108,2024-07-10T15:52:29.636042Z,3705,2
1109,2024-07-10T15:52:30.171137Z,3617,2
1110,2024-07-10T15:52:30.713671Z,3257,1
1111,2024-07-10T15:52:31.260332Z,3705,2
1112,2024-07-10T15:52:31.802312Z,2725,1
1113,2024-07-10T15:52:32.343634Z,3617,2
1114,2024-07-10T15:52:32.88667Z,2723,1
1115,2024-07-10T15:52:33.432604Z,3705,2
1116,2024-07-10T15:52:33.979732Z,2725,1
1117,2024-07-10T15:52:34.523799Z,4149,2
1118,2024-07-10T15:52:35.070685Z,2725,1
1119,2024-07-10T15:52:35.617327Z,3705,2
1120,2024-07-10T15:52:36.161241Z,3617,2
1121,2024-07-10T15:52:36.702448Z,3257,1
1122,2024-07-10T15:52:37.243884Z,3705,2
1123,2024-07-10T15:52:37.780058Z,2725,1
1124,2024-07-10T15:52:38.318986Z,3617,2
1125,2024-07-10T15:52:38.859613Z,2725,1
1126,2024-07-10T15:52:39.405055Z,3705,2
1127,2024-07-10T15:52:39.945091Z,2725,1
1128,2024-07-10T15:52:40.485004Z,4149,2
1129,2024-07-10T15:52:41.024706Z,2725,1
1130,2024-07-10T15:52:41.563039Z,3705,2
1131,2024-07-10T15:52:42.0995Z,2721,1
1132,2024-07-10T15:52:42.634749Z,4149,2
1133,2024-07-10T15:52:43.175603Z,2725,1
1134,2024-07-10T15:52:43.711508Z,3705,2
1135,2024-07-10T15:52:44.249106Z,3617,2
1136,2024-07-10T15:52:44.78556Z,3255,1
1137,2024-07-10T15:52:45.329298Z,3705,2
1138,2024-07-10T15:52:45.869972Z,2725,1
1139,2024-07-10T15:52:46.408433Z,3617,2
1140,2024-07-10T15:52:46.945663Z,2725,1
1141,2024-07-10T15:52:47.487265Z,3705,2
1142,2024-07-10T15:52:48.027833Z,2725,1
1143,2024-07-10T15:52:48.569444Z,4149,2
1144,2024-07-10T15:52:49.11408Z,2723,1
1145,2024-07-10T15:52:49.656477Z,3705,2
1146,2024-07-10T15:52:50.19786Z,2723,1
1147,2024-07-10T15:52:50.737327Z,4149,2
1148,2024-07-10T15:52:51.278072Z,3705,2
1149,2024-07-10T15:52:51.820043Z,2725,1
1150,2024-07-10T15:52:52.360495Z,3617,2
1151,2024-07-10T15:52:52.903697Z,3257,1
1152,2024-07-10T15:52:53.449771Z,3705,2
1153,2024-07-10T15:52:53.992339Z,2725,1
1154,2024-07-10T15:52:54.533559Z,3617,2
1155,2024-07-10T15:52:55.075227Z,2725,1
1156,2024-07-10T15:52:55.62157Z,3703,2
1157,2024-07-10T15:52:56.163465Z,2725,1
1158,2024-07-10T15:52:56.702461Z,4149,2
1159,2024-07-10T15:52:57.244493Z,2725,1
1160,2024-07-10T15:52:57.783141Z,3705,2
1161,2024-07-10T15:52:58.328749Z,3617,2
1162,2024-07-10T15:52:58.86464Z,3255,1
1163,2024-07-10T15:52:59.412111Z,3705,2
1164,2024-07-10T15:52:59.954178Z,2725,1
1165,2024-07-10T15:53:00.493633Z,3617,2
1166,2024-07-10T15:53:01.031783Z,2725,1
1167,2024-07-10T15:53:01.56903Z,3703,2
1168,2024-07-10T15:53:02.107921Z,2725,1
1169,2024-07-10T15:53:02.642138Z,4149,2
1170,2024-07-10T15:53:03.189477Z,2725,1
1171,2024-07-10T15:53:03.731053Z,3705,2
1172,2024-07-10T15:53:04.275515Z,2725,1
1173,2024-07-10T15:53:04.82361Z,4147,2
1174,2024-07-10T15:53:05.373015Z,3705,2
1175,2024-07-10T15:53:05.908791Z,2725,1
1176,2024-07-10T15:53:06.447674Z,3617,2
1177,2024-07-10T15:53:06.994286Z,3257,1
1178,2024-07-10T15:53:07.53795Z,3703,2
1179,2024-07-10T15:53:08.080717Z,2725,1
1180,2024-07-10T15:53:08.624042Z,3617,2
1181,2024-07-10T15:53:09.170584Z,2725,1
1182,2024-07-10T15:53:09.710965Z,3705,2
1183,2024-07-10T15:53:10.247066Z,2725,1
1184,2024-07-10T15:53:10.782067Z,4149,2
1185,2024-07-10T15:53:11.322772Z,2725,1
1186,2024-07-10T15:53:11.86199Z,3703,2
1187,2024-07-10T15:53:12.408021Z,3617,2
1188,2024-07-10T15:53:12.945065Z,3257,1
1189,2024-07-10T15:53:13.488615Z,3705,2
1190,2024-07-10T15:53:14.029806Z,2725,1
1191,2024-07-10T15:53:14.571947Z,3617,2
1192,2024-07-10T15:53:15.109955Z,2725,1
1193,2024-07-10T15:53:15.649184Z,3705,2
1194,2024-07-10T15:53:16.187317Z,2725,1
1195,2024-07-10T15:53:16.731441Z,4149,2
1196,2024-07-10T15:53:17.272665Z,2725,1
1197,2024-07-10T15:53:17.8122Z,3701,2
1198,2024-07-10T15:53:18.356994Z,2725,1
1199,2024-07-10T15:53:18.896692Z,4149,2
1200,2024-07-10T15:53:19.438915Z,3705,2
1201,2024-07-10T15:53:19.973927Z,2725,1
1202,2024-07-10T15:53:20.516356Z,3617,2
1203,2024-07-10T15:53:21.059476Z,3257,1
1204,2024-07-10T15:53:21.602185Z,3705,2
1205,2024-07-10T15:53:22.147923Z,2725,1
1206,2024-07-10T15:53:22.688489Z,3617,2
1207,2024-07-10T15:53:23.23053Z,2723,1
1208,2024-07-10T15:53:23.768272Z,3705,2
1209,2024-07-10T15:53:24.311813Z,2725,1
1210,2024-07-10T15:53:24.861403Z,4149,2
1211,2024-07-10T15:53:25.410413Z,2725,1
1212,2024-07-10T15:53:25.954962Z,3705,2
1213,2024-07-10T15:53:26.496381Z,3617,2
1214,2024-07-10T15:53:27.036764Z,3257,1
1215,2024-07-10T15:53:27.579295Z,3705,2
1216,2024-07-10T15:53:28.118816Z,2725,1
1217,2024-07-10T15:53:28.660328Z,3617,2
1218,2024-07-10T15:53:29.19925Z,2723,1
1219,2024-07-10T15:53:29.746361Z,3705,2
1220,2024-07-10T15:53:30.282362Z,2725,1
1221,2024-07-10T15:53:30.828744Z,4149,2
1222,2024-07-10T15:53:31.376874Z,2725,1
1223,2024-07-10T15:53:31.927805Z,3705,2
1224,2024-07-10T15:53:32.469384Z,2725,1
1225,2024-07-10T15:53:33.010881Z,4149,2
1226,2024-07-10T15:53:33.551113Z,3705,2
1227,2024-07-10T15:53:34.093801Z,2725,1
1228,2024-07-10T15:53:34.635845Z,3617,2
1229,2024-07-10T15:53:35.171844Z,3257,1
1230,2024-07-10T15:53:35.715642Z,3705,2
1231,2024-07-10T15:53:36.255931Z,2725,1
1232,2024-07-10T15:53:36.808009Z,3617,2
1233,2024-07-10T15:53:37.349544Z,2725,1
1234,2024-07-10T15:53:37.893094Z,3705,2
1235,2024-07-10T15:53:38.437333Z,2725,1
1236,2024-07-10T15:53:38.98546Z,4147,2
1237,2024-07-10T15:53:39.524501Z,2725,1
1238,2024-07-10T15:53:40.061526Z,3705,2
1239,2024-07-10T15:53:40.604753Z,3617,2
1240,2024-07-10T15:53:41.154316Z,3257,1
1241,2024-07-10T15:53:41.702115Z,3705,2
1242,2024-07-10T15:53:42.242708Z,2725,1
1243,2024-07-10T15:53:42.790069Z,3617,2
1244,2024-07-10T15:53:43.333247Z,2725,1
1245,2024-07-10T15:53:43.872767Z,3705,2
1246,2024-07-10T15:53:44.418593Z,2725,1
1247,2024-07-10T15:53:44.964001Z,4149,2
1248,2024-07-10T15:53:45.506618Z,2725,1
1249,2024-07-10T15:53:46.051987Z,3705,2
1250,2024-07-10T15:53:46.59674Z,2723,1
1251,2024-07-10T15:53:47.139676Z,4149,2
1252,2024-07-10T15:53:47.678134Z,3705,2
1253,2024-07-10T15:53:48.223327Z,2725,1
1254,2024-07-10T15:53:48.764887Z,3617,2
1255,2024-07-10T15:53:49.305435Z,3257,1
1256,2024-07-10T15:53:49.848107Z,3705,2
1257,2024-07-10T15:53:50.391445Z,2725,1
1258,2024-07-10T15:53:50.932273Z,3617,2
1259,2024-07-10T15:53:51.470426Z,2725,1
1260,2024-07-10T15:53:52.011641Z,3705,2
1261,2024-07-10T15:53:52.556066Z,2725,1
1262,2024-07-10T15:53:53.091773Z,4149,2
1263,2024-07-10T15:53:53.634563Z,2725,1
1264,2024-07-10T15:53:54.179495Z,3705,2
1265,2024-07-10T15:53:54.726307Z,3617,2
1266,2024-07-10T15:53:55.268029Z,3257,1
1267,2024-07-10T15:53:55.807419Z,3705,2
1268,2024-07-10T15:53:56.351348Z,2725,1
1269,2024-07-10T15:53:56.889361Z,3617,2
1270,2024-07-10T15:53:57.426889Z,2725,1
1271,2024-07-10T15:53:57.964117Z,3705,2
1272,2024-07-10T15:53:58.504108Z,2725,1
1273,2024-07-10T15:53:59.059597Z,4149,2
1274,2024-07-10T15:53:59.604413Z,2725,1
1275,2024-07-10T15:54:00.143188Z,3705,2
1276,2024-07-10T15:54:00.679721Z,2725,1
1277,2024-07-10T15:54:01.217852Z,4149,2
1278,2024-07-10T15:54:01.756557Z,3705,2
1279,2024-07-10T15:54:02.29374Z,2723,1
1280,2024-07-10T15:54:02.828086Z,3617,2
1281,2024-07-10T15:54:03.365674Z,3257,1
1282,2024-07-10T15:54:03.915004Z,3705,2
1283,2024-07-10T15:54:04.458277Z,2725,1
1284,2024-07-10T15:54:05.000073Z,3617,2
1285,2024-07-10T15:54:05.541748Z,2725,1
1286,2024-07-10T15:54:06.078282Z,3705,2
1287,2024-07-10T15:54:06.618123Z,2725,1
1288,2024-07-10T15:54:07.158085Z,4149,2
1289,2024-07-10T15:54:07.696429Z,2725,1
1290,2024-07-10T15:54:08.23671Z,3703,2
1291,2024-07-10T15:54:08.78189Z,3615,2
1292,2024-07-10T15:54:09.321255Z,3257,1
1293,2024-07-10T15:54:09.867991Z,3705,2
1294,2024-07-10T15:54:10.416367Z,2725,1
1295,2024-07-10T15:54:10.956836Z,3617,2
1296,2024-07-10T15:54:11.497719Z,2725,1
1297,2024-07-10T15:54:12.035344Z,3705,2
1298,2024-07-10T15:54:12.577721Z,2725,1
1299,2024-07-10T15:54:13.120556Z,4149,2
1300,2024-07-10T15:54:13.671462Z,2725,1
1301,2024-07-10T15:54:14.209889Z,3705,2
1302,2024-07-10T15:54:14.765063Z,2725,1
1303,2024-07-10T15:54:15.304676Z,4149,2
1304,2024-07-10T15:54:15.848633Z,3705,2
1305,2024-07-10T15:54:16.395481Z,2725,1
1306,2024-07-10T15:54:16.931709Z,3617,2
1307,2024-07-10T15:54:17.471341Z,3257,1
1308,2024-07-10T15:54:18.016111Z,3705,2
1309,2024-07-10T15:54:18.556562Z,2725,1
1310,2024-07-10T15:54:19.096056Z,3617,2
1311,2024-07-10T15:54:19.634539Z,2725,1
1312,2024-07-10T15:54:20.170455Z,3705,2
1313,2024-07-10T15:54:20.720924Z,2725,1
1314,2024-07-10T15:54:21.265845Z,4149,2
1315,2024-07-10T15:54:21.816992Z,2725,1
1316,2024-07-10T15:54:22.354383Z,3705,2
1317,2024-07-10T15:54:22.899108Z,3617,2
1318,2024-07-10T15:54:23.440476Z,3257,1
1319,2024-07-10T15:54:23.979171Z,3705,2
1320,2024-07-10T15:54:24.516699Z,2725,1
1321,2024-07-10T15:54:25.057779Z,3617,2
1322,2024-07-10T15:54:25.597806Z,2725,1
1323,2024-07-10T15:54:26.137767Z,3705,2
1324,2024-07-10T15:54:26.676418Z,2725,1
1325,2024-07-10T15:54:27.216206Z,4149,2
1326,2024-07-10T15:54:27.756441Z,2725,1
1327,2024-07-10T15:54:28.302472Z,3705,2
1328,2024-07-10T15:54:28.843423Z,2725,1
1329,2024-07-10T15:54:29.388451Z,4149,2
1330,2024-07-10T15:54:29.93876Z,3703,2
1331,2024-07-10T15:54:30.479774Z,2725,1
1332,2024-07-10T15:54:31.027041Z,3617,2
1333,2024-07-10T15:54:31.570803Z,3257,1
1334,2024-07-10T15:54:32.116961Z,3705,2
1335,2024-07-10T15:54:32.651318Z,2725,1
1336,2024-07-10T15:54:33.19813Z,3615,2
1337,2024-07-10T15:54:33.738345Z,2725,1
1338,2024-07-10T15:54:34.275552Z,3705,2
1339,2024-07-10T15:54:34.813771Z,2725,1
1340,2024-07-10T15:54:35.354828Z,4149,2
1341,2024-07-10T15:54:35.90082Z,2723,1
1342,2024-07-10T15:54:36.439796Z,3705,2
1343,2024-07-10T15:54:36.986757Z,3617,2
1344,2024-07-10T15:54:37.532444Z,3257,1
1345,2024-07-10T15:54:38.072592Z,3705,2
1346,2024-07-10T15:54:38.60944Z,2723,1
1347,2024-07-10T15:54:39.150576Z,3617,2
1348,2024-07-10T15:54:39.68934Z,2723,1
1349,2024-07-10T15:54:40.229051Z,3705,2
1350,2024-07-10T15:54:40.766639Z,2725,1
1351,2024-07-10T15:54:41.312955Z,4149,2
1352,2024-07-10T15:54:41.854663Z,2725,1
1353,2024-07-10T15:54:42.400696Z,3705,2
1354,2024-07-10T15:54:42.94227Z,2723,1
1355,2024-07-10T15:54:43.479082Z,4149,2
1356,2024-07-10T15:54:44.018644Z,3705,2
1357,2024-07-10T15:54:44.560902Z,2725,1
1358,2024-07-10T15:54:45.104712Z,3617,2
1359,2024-07-10T15:54:45.64633Z,3255,1
1360,2024-07-10T15:54:46.188752Z,3705,2
1361,2024-07-10T15:54:46.729092Z,2725,1
1362,2024-07-10T15:54:47.270048Z,3617,2
1363,2024-07-10T15:54:47.809893Z,2725,1
1364,2024-07-10T15:54:48.352158Z,3705,2
1365,2024-07-10T15:54:48.900368Z,2725,1
1366,2024-07-10T15:54:49.439722Z,4149,2
1367,2024-07-10T15:54:49.978626Z,2725,1
1368,2024-07-10T15:54:50.521583Z,3705,2
1369,2024-07-10T15:54:51.065731Z,3617,2
1370,2024-07-10T15:54:51.602074Z,3257,1
1371,2024-07-10T15:54:52.149804Z,3705,2
1372,2024-07-10T15:54:52.686484Z,2725,1
1373,2024-07-10T15:54:53.231508Z,3617,2
1374,2024-07-10T15:54:53.768641Z,2725,1
1375,2024-07-10T15:54:54.311687Z,3705,2
1376,2024-07-10T15:54:54.851025Z,2725,1
1377,2024-07-10T15:54:55.389989Z,4149,2
1378,2024-07-10T15:54:55.930718Z,2725,1
1379,2024-07-10T15:54:56.469539Z,3705,2
1380,2024-07-10T15:54:57.00896Z,2723,1
1381,2024-07-10T15:54:57.549442Z,4149,2
1382,2024-07-10T15:54:58.095377Z,3705,2
1383,2024-07-10T15:54:58.636838Z,2725,1
1384,2024-07-10T15:54:59.175579Z,3617,2
1385,2024-07-10T15:54:59.711417Z,3257,1
1386,2024-07-10T15:55:00.252082Z,3705,2
1387,2024-07-10T15:55:00.795735Z,2725,1
1388,2024-07-10T15:55:01.334919Z,3617,2
1389,2024-07-10T15:55:01.879058Z,2725,1
1390,2024-07-10T15:55:02.41775Z,3703,2
1391,2024-07-10T15:55:02.952158Z,2725,1
1392,2024-07-10T15:55:03.492204Z,4149,2
1393,2024-07-10T15:55:04.029394Z,2725,1
1394,2024-07-10T15:55:04.564526Z,3705,2
1395,2024-07-10T15:55:05.110751Z,2725,1
1396,2024-07-10T15:55:05.659704Z,4149,2
1397,2024-07-10T15:55:06.200656Z,3705,2
1398,2024-07-10T15:55:06.740191Z,2725,1
1399,2024-07-10T15:55:07.285263Z,3617,2
1400,2024-07-10T15:55:07.823566Z,3257,1
1401,2024-07-10T15:55:08.363769Z,3705,2
1402,2024-07-10T15:55:08.901336Z,2725,1
1403,2024-07-10T15:55:09.447378Z,3617,2
1404,2024-07-10T15:55:09.989509Z,2725,1
1405,2024-07-10T15:55:10.535487Z,3705,2
1406,2024-07-10T15:55:11.0701Z,2721,1
1407,2024-07-10T15:55:11.610997Z,4149,2
1408,2024-07-10T15:55:12.15784Z,2723,1
1409,2024-07-10T15:55:12.69878Z,3703,2
1410,2024-07-10T15:55:13.239583Z,3617,2
1411,2024-07-10T15:55:13.775987Z,3257,1
1412,2024-07-10T15:55:14.317852Z,3705,2
1413,2024-07-10T15:55:14.85337Z,2723,1
1414,2024-07-10T15:55:15.390915Z,3617,2
1415,2024-07-10T15:55:15.937853Z,2725,1
1416,2024-07-10T15:55:16.480517Z,3705,2
1417,2024-07-10T15:55:17.018961Z,2725,1
1418,2024-07-10T15:55:17.555513Z,4149,2
1419,2024-07-10T15:55:18.097828Z,2725,1
1420,2024-07-10T15:55:18.639109Z,3705,2
1421,2024-07-10T15:55:19.189739Z,2725,1
1422,2024-07-10T15:55:19.732255Z,4149,2
1423,2024-07-10T15:55:20.274338Z,3705,2
1424,2024-07-10T15:55:20.812667Z,2725,1
1425,2024-07-10T15:55:21.357816Z,3617,2
1426,2024-07-10T15:55:21.91184Z,3255,1
1427,2024-07-10T15:55:22.463659Z,3705,2
1428,2024-07-10T15:55:23.003539Z,2725,1
1429,2024-07-10T15:55:23.538614Z,3617,2
1430,2024-07-10T15:55:24.075407Z,2725,1
1431,2024-07-10T15:55:24.612917Z,3705,2
1432,2024-07-10T15:55:25.156745Z,2725,1
1433,2024-07-10T15:55:25.697127Z,4149,2
1434,2024-07-10T15:55:26.241384Z,2725,1
1435,2024-07-10T15:55:26.785891Z,3705,2
1436,2024-07-10T15:55:27.327144Z,2725,1
1437,2024-07-10T15:55:27.864661Z,4149,2
1438,2024-07-10T15:55:28.410409Z,2725,1
1439,2024-07-10T15:55:28.955519Z,3705,2
1440,2024-07-10T15:55:29.496647Z,3617,2
1441,2024-07-10T15:55:30.031801Z,3257,1
1442,2024-07-10T15:55:30.571135Z,3705,2
1443,2024-07-10T15:55:31.109643Z,2725,1
1444,2024-07-10T15:55:31.649449Z,3617,2
1445,2024-07-10T15:55:32.189457Z,2725,1
1446,2024-07-10T15:55:32.731758Z,3705,2
1447,2024-07-10T15:55:33.273108Z,2725,1
1448,2024-07-10T15:55:33.809418Z,4149,2
1449,2024-07-10T15:55:34.350359Z,2725,1
1450,2024-07-10T15:55:34.889151Z,3705,2
1451,2024-07-10T15:55:35.434013Z,2725,1
1452,2024-07-10T15:55:35.973162Z,4149,2
1453,2024-07-10T15:55:36.516465Z,2725,1
1454,2024-07-10T15:55:37.065709Z,3705,2
1455,2024-07-10T15:55:37.608892Z,3617,2
1456,2024-07-10T15:55:38.144239Z,3257,1
1457,2024-07-10T15:55:38.68243Z,3703,2
1458,2024-07-10T15:55:39.219606Z,2725,1
1459,2024-07-10T15:55:39.755834Z,3617,2
1460,2024-07-10T15:55:40.292415Z,2725,1
1461,2024-07-10T15:55:40.836706Z,3705,2
1462,2024-07-10T15:55:41.377207Z,2725,1
1463,2024-07-10T15:55:41.918999Z,4149,2
1464,2024-07-10T15:55:42.458289Z,2725,1
1465,2024-07-10T15:55:42.99729Z,3703,2
1466,2024-07-10T15:55:43.534506Z,2725,1
1467,2024-07-10T15:55:44.071574Z,4149,2
1468,2024-07-10T15:55:44.610053Z,3705,2
1469,2024-07-10T15:55:45.14716Z,2723,1
1470,2024-07-10T15:55:45.686317Z,3617,2
1471,2024-07-10T15:55:46.224709Z,3257,1
1472,2024-07-10T15:55:46.774584Z,3705,2
1473,2024-07-10T15:55:47.318168Z,2725,1
1474,2024-07-10T15:55:47.856923Z,3617,2
1475,2024-07-10T15:55:48.397686Z,2725,1
1476,2024-07-10T15:55:48.936546Z,3705,2
1477,2024-07-10T15:55:49.476326Z,2725,1
1478,2024-07-10T15:55:50.014627Z,4149,2
1479,2024-07-10T15:55:50.554628Z,2725,1
1480,2024-07-10T15:55:51.094528Z,3705,2
1481,2024-07-10T15:55:51.638026Z,2725,1
1482,2024-07-10T15:55:52.180539Z,4149,2
1483,2024-07-10T15:55:52.724086Z,3705,2
1484,2024-07-10T15:55:53.267802Z,2725,1
1485,2024-07-10T15:55:53.805069Z,3617,2
1486,2024-07-10T15:55:54.344732Z,3257,1
1487,2024-07-10T15:55:54.884118Z,3705,2
1488,2024-07-10T15:55:55.42781Z,2723,1
1489,2024-07-10T15:55:55.971809Z,3617,2
1490,2024-07-10T15:55:56.517823Z,2725,1
1491,2024-07-10T15:55:57.056864Z,3705,2
1492,2024-07-10T15:55:57.595233Z,2725,1
1493,2024-07-10T15:55:58.134282Z,4149,2
1494,2024-07-10T15:55:58.67278Z,2723,1
1495,2024-07-10T15:55:59.214667Z,3705,2
1496,2024-07-10T15:55:59.75439Z,3615,2
1497,2024-07-10T15:56:00.290688Z,3257,1
1498,2024-07-10T15:56:00.830483Z,3705,2
1499,2024-07-10T15:56:01.369739Z,2725,1
1500,2024-07-10T15:56:01.919134Z,3617,2
1501,2024-07-10T15:56:02.456511Z,2725,1
1502,2024-07-10T15:56:02.991838Z,3705,2
1503,2024-07-10T15:56:03.530299Z,2725,1
1504,2024-07-10T15:56:04.066498Z,4149,2
1505,2024-07-10T15:56:04.617584Z,2725,1
1506,2024-07-10T15:56:05.15976Z,3703,2
1507,2024-07-10T15:56:05.699889Z,2725,1
1508,2024-07-10T15:56:06.241362Z,4149,2
1509,2024-07-10T15:56:06.78728Z,3703,2
1510,2024-07-10T15:56:07.327643Z,2725,1
1511,2024-07-10T15:56:07.870449Z,3617,2
1512,2024-07-10T15:56:08.407323Z,3257,1
1513,2024-07-10T15:56:08.949239Z,3705,2
1514,2024-07-10T15:56:09.491115Z,2725,1
1515,2024-07-10T15:56:10.026297Z,3617,2
1516,2024-07-10T15:56:10.568018Z,2725,1
1517,2024-07-10T15:56:11.109644Z,3705,2
1518,2024-07-10T15:56:11.654347Z,2725,1
1519,2024-07-10T15:56:12.19135Z,4147,2
1520,2024-07-10T15:56:12.730439Z,2725,1
1521,2024-07-10T15:56:13.269378Z,3705,2
1522,2024-07-10T15:56:13.806525Z,2725,1
1523,2024-07-10T15:56:14.348369Z,4149,2
1524,2024-07-10T15:56:14.899718Z,3705,2
1525,2024-07-10T15:56:15.441873Z,2725,1
1526,2024-07-10T15:56:15.97786Z,3615,2
1527,2024-07-10T15:56:16.522117Z,3257,1
1528,2024-07-10T15:56:17.063843Z,3705,2
1529,2024-07-10T15:56:17.598569Z,2725,1
1530,2024-07-10T15:56:18.13601Z,3615,2
1531,2024-07-10T15:56:18.67716Z,2723,1
1532,2024-07-10T15:56:19.22233Z,3703,2
1533,2024-07-10T15:56:19.76679Z,2723,1
1534,2024-07-10T15:56:20.30829Z,4147,2
1535,2024-07-10T15:56:20.854292Z,2725,1
1536,2024-07-10T15:56:21.390743Z,3705,2
1537,2024-07-10T15:56:21.929557Z,3617,2
1538,2024-07-10T15:56:22.471597Z,3257,1
1539,2024-07-10T15:56:23.014008Z,3705,2
1540,2024-07-10T15:56:23.551206Z,2725,1
1541,2024-07-10T15:56:24.09751Z,3615,2
1542,2024-07-10T15:56:24.640899Z,2725,1
1543,2024-07-10T15:56:25.177484Z,3705,2
1544,2024-07-10T15:56:25.722943Z,2725,1
1545,2024-07-10T15:56:26.26787Z,4147,2
1546,2024-07-10T15:56:26.812261Z,2725,1
1547,2024-07-10T15:56:27.356547Z,3705,2
1548,2024-07-10T15:56:27.894067Z,2725,1
1549,2024-07-10T15:56:28.434255Z,4149,2
1550,2024-07-10T15:56:28.977729Z,3705,2
1551,2024-07-10T15:56:29.516205Z,2725,1
1552,2024-07-10T15:56:30.056303Z,3617,2
1553,2024-07-10T15:56:30.602967Z,3257,1
1554,2024-07-10T15:56:31.147531Z,3705,2
1555,2024-07-10T15:56:31.685398Z,2725,1
1556,2024-07-10T15:56:32.227198Z,3617,2
1557,2024-07-10T15:56:32.770884Z,2725,1
1558,2024-07-10T15:56:33.310961Z,3705,2
1559,2024-07-10T15:56:33.85447Z,2723,1
1560,2024-07-10T15:56:34.400416Z,4149,2
1561,2024-07-10T15:56:34.949731Z,2725,1
1562,2024-07-10T15:56:35.491784Z,3705,2
1563,2024-07-10T15:56:36.027936Z,3617,2
1564,2024-07-10T15:56:36.566316Z,3257,1
1565,2024-07-10T15:56:37.106238Z,3705,2
1566,2024-07-10T15:56:37.642877Z,2725,1
1567,2024-07-10T15:56:38.18687Z,3615,2
1568,2024-07-10T15:56:38.72309Z,2723,1
1569,2024-07-10T15:56:39.26949Z,3703,2
1570,2024-07-10T15:56:39.805883Z,2725,1
1571,2024-07-10T15:56:40.348809Z,4149,2
1572,2024-07-10T15:56:40.890098Z,2725,1
1573,2024-07-10T15:56:41.429594Z,3705,2
1574,2024-07-10T15:56:41.967879Z,2725,1
1575,2024-07-10T15:56:42.511045Z,4149,2
1576,2024-07-10T15:56:43.04794Z,3703,2
1577,2024-07-10T15:56:43.583525Z,2725,1
1578,2024-07-10T15:56:44.127606Z,3617,2
1579,2024-07-10T15:56:44.662958Z,3257,1
1580,2024-07-10T15:56:45.199506Z,3705,2
1581,2024-07-10T15:56:45.744505Z,2725,1
1582,2024-07-10T15:56:46.284078Z,3617,2
1583,2024-07-10T15:56:46.823313Z,2725,1
1584,2024-07-10T15:56:47.360524Z,3705,2
1585,2024-07-10T15:56:47.898145Z,2725,1
1586,2024-07-10T15:56:48.436307Z,4149,2
1587,2024-07-10T15:56:48.983829Z,2725,1
1588,2024-07-10T15:56:49.522484Z,3705,2
1589,2024-07-10T15:56:50.067417Z,2725,1
1590,2024-07-10T15:56:50.606667Z,4149,2
1591,2024-07-10T15:56:51.151901Z,2725,1
1592,2024-07-10T15:56:51.698029Z,3705,2
1593,2024-07-10T15:56:52.238971Z,3617,2
1594,2024-07-10T15:56:52.780884Z,2725,1
1595,2024-07-10T15:56:53.328485Z,3705,2
1596,2024-07-10T15:56:53.875191Z,2725,1
1597,2024-07-10T15:56:54.419823Z,3617,2
1598,2024-07-10T15:56:54.966314Z,2725,1
1599,2024-07-10T15:56:55.504491Z,3705,2
1600,2024-07-10T15:56:56.041044Z,3257,1
1601,2024-07-10T15:56:56.58605Z,4147,2
1602,2024-07-10T15:56:57.131255Z,2725,1
1603,2024-07-10T15:56:57.675467Z,3705,2
1604,2024-07-10T15:56:58.219478Z,2725,1
1605,2024-07-10T15:56:58.754048Z,4149,2
1606,2024-07-10T15:56:59.29588Z,3703,2
1607,2024-07-10T15:56:59.838897Z,2725,1
1608,2024-07-10T15:57:00.382156Z,3617,2
1609,2024-07-10T15:57:00.922991Z,3257,1
1610,2024-07-10T15:57:01.468523Z,3705,2
1611,2024-07-10T15:57:02.008875Z,2725,1
1612,2024-07-10T15:57:02.550102Z,3617,2
1613,2024-07-10T15:57:03.084242Z,2725,1
1614,2024-07-10T15:57:03.620984Z,3705,2
1615,2024-07-10T15:57:04.165859Z,2725,1
1616,2024-07-10T15:57:04.704805Z,4149,2
1617,2024-07-10T15:57:05.256612Z,2725,1
1618,2024-07-10T15:57:05.79663Z,3703,2
1619,2024-07-10T15:57:06.340441Z,3617,2
1620,2024-07-10T15:57:06.880303Z,3257,1
1621,2024-07-10T15:57:07.41957Z,3703,2
1622,2024-07-10T15:57:07.962881Z,2725,1
1623,2024-07-10T15:57:08.500599Z,3617,2
1624,2024-07-10T15:57:09.038094Z,2725,1
1625,2024-07-10T15:57:09.575664Z,3705,2
1626,2024-07-10T15:57:10.1112Z,2721,1
1627,2024-07-10T15:57:10.655183Z,4149,2
1628,2024-07-10T15:57:11.194952Z,2725,1
1629,2024-07-10T15:57:11.733602Z,3705,2
1630,2024-07-10T15:57:12.282643Z,2725,1
1631,2024-07-10T15:57:12.825759Z,4149,2
1632,2024-07-10T15:57:13.366351Z,3705,2
1633,2024-07-10T15:57:13.911423Z,2725,1
1634,2024-07-10T15:57:14.455738Z,3617,2
1635,2024-07-10T15:57:14.992259Z,3257,1
1636,2024-07-10T15:57:15.534128Z,3705,2
1637,2024-07-10T15:57:16.077753Z,2725,1
1638,2024-07-10T15:57:16.625776Z,3617,2
1639,2024-07-10T15:57:17.170428Z,2725,1
1640,2024-07-10T15:57:17.711977Z,3705,2
1641,2024-07-10T15:57:18.251439Z,2725,1
1642,2024-07-10T15:57:18.787744Z,4149,2
1643,2024-07-10T15:57:19.329647Z,2725,1
1644,2024-07-10T15:57:19.873603Z,3705,2
1645,2024-07-10T15:57:20.412172Z,3617,2
1646,2024-07-10T15:57:20.948512Z,3257,1
1647,2024-07-10T15:57:21.489301Z,3705,2
1648,2024-07-10T15:57:22.02848Z,2723,1
1649,2024-07-10T15:57:22.571994Z,3617,2
1650,2024-07-10T15:57:23.110579Z,2725,1
1651,2024-07-10T15:57:23.649191Z,3705,2
1652,2024-07-10T15:57:24.189705Z,2725,1
1653,2024-07-10T15:57:24.735481Z,4149,2
1654,2024-07-10T15:57:25.275494Z,2725,1
1655,2024-07-10T15:57:25.816142Z,3705,2
1656,2024-07-10T15:57:26.355767Z,2725,1
1657,2024-07-10T15:57:26.899598Z,4149,2
1658,2024-07-10T15:57:27.446635Z,2725,1
1659,2024-07-10T15:57:27.986793Z,3705,2
1660,2024-07-10T15:57:28.529764Z,3617,2
1661,2024-07-10T15:57:29.072438Z,3257,1
1662,2024-07-10T15:57:29.611634Z,3705,2
1663,2024-07-10T15:57:30.146604Z,2725,1
1664,2024-07-10T15:57:30.692569Z,3617,2
1665,2024-07-10T15:57:31.235841Z,2725,1
1666,2024-07-10T15:57:31.780842Z,3705,2
1667,2024-07-10T15:57:32.320808Z,2725,1
1668,2024-07-10T15:57:32.857559Z,4149,2
1669,2024-07-10T15:57:33.39868Z,2723,1
1670,2024-07-10T15:57:33.937642Z,3705,2
1671,2024-07-10T15:57:34.474941Z,2725,1
1672,2024-07-10T15:57:35.014105Z,4149,2
1673,2024-07-10T15:57:35.558119Z,3705,2
1674,2024-07-10T15:57:36.093312Z,2725,1
1675,2024-07-10T15:57:36.640055Z,3617,2
1676,2024-07-10T15:57:37.186903Z,3257,1
1677,2024-07-10T15:57:37.736424Z,3705,2
1678,2024-07-10T15:57:38.284792Z,2725,1
1679,2024-07-10T15:57:38.821365Z,3617,2
1680,2024-07-10T15:57:39.360483Z,2725,1
1681,2024-07-10T15:57:39.904519Z,3705,2
1682,2024-07-10T15:57:40.441829Z,2725,1
1683,2024-07-10T15:57:40.985501Z,4149,2
1684,2024-07-10T15:57:41.523933Z,2725,1
1685,2024-07-10T15:57:42.064125Z,3705,2
1686,2024-07-10T15:57:42.601719Z,3617,2
1687,2024-07-10T15:57:43.140987Z,3257,1
1688,2024-07-10T15:57:43.68118Z,3703,2
1689,2024-07-10T15:57:44.222347Z,2725,1
1690,2024-07-10T15:57:44.767871Z,3617,2
1691,2024-07-10T15:57:45.304395Z,2725,1
1692,2024-07-10T15:57:45.849727Z,3705,2
1693,2024-07-10T15:57:46.396941Z,2725,1
1694,2024-07-10T15:57:46.93798Z,4147,2
1695,2024-07-10T15:57:47.477057Z,2725,1
1696,2024-07-10T15:57:48.014856Z,3705,2
1697,2024-07-10T15:57:48.559909Z,2725,1
1698,2024-07-10T15:57:49.107039Z,4149,2
1699,2024-07-10T15:57:49.655413Z,2725,1
1700,2024-07-10T15:57:50.191428Z,3705,2
1701,2024-07-10T15:57:50.730397Z,3617,2
1702,2024-07-10T15:57:51.269869Z,2725,1
1703,2024-07-10T15:57:51.812847Z,3705,2
1704,2024-07-10T15:57:52.352414Z,2725,1
1705,2024-07-10T15:57:52.896473Z,3617,2
1706,2024-07-10T15:57:53.434629Z,2725,1
1707,2024-07-10T15:57:53.978047Z,3705,2
1708,2024-07-10T15:57:54.517181Z,3257,1
1709,2024-07-10T15:57:55.054313Z,4149,2
1710,2024-07-10T15:57:55.594413Z,2725,1
1711,2024-07-10T15:57:56.141835Z,3705,2
1712,2024-07-10T15:57:56.68314Z,2723,1
1713,2024-07-10T15:57:57.227059Z,4149,2
1714,2024-07-10T15:57:57.77302Z,2723,1
1715,2024-07-10T15:57:58.310462Z,3705,2
1716,2024-07-10T15:57:58.845719Z,3617,2
1717,2024-07-10T15:57:59.387028Z,3257,1
1718,2024-07-10T15:57:59.944237Z,3705,2
1719,2024-07-10T15:58:00.484005Z,2725,1
1720,2024-07-10T15:58:01.025236Z,3617,2
1721,2024-07-10T15:58:01.566929Z,2725,1
1722,2024-07-10T15:58:02.107401Z,3705,2
1723,2024-07-10T15:58:02.64287Z,2723,1
1724,2024-07-10T15:58:03.17748Z,4147,2
1725,2024-07-10T15:58:03.724067Z,2725,1
1726,2024-07-10T15:58:04.271227Z,3705,2
1727,2024-07-10T15:58:04.814012Z,2725,1
1728,2024-07-10T15:58:05.352217Z,4149,2
1729,2024-07-10T15:58:05.890432Z,3705,2
1730,2024-07-10T15:58:06.426622Z,2725,1
1731,2024-07-10T15:58:06.966527Z,3617,2
1732,2024-07-10T15:58:07.507762Z,3257,1
1733,2024-07-10T15:58:08.056833Z,3705,2
1734,2024-07-10T15:58:08.602824Z,2725,1
1735,2024-07-10T15:58:09.141929Z,3617,2
1736,2024-07-10T15:58:09.684092Z,2725,1
1737,2024-07-10T15:58:10.223617Z,3705,2
1738,2024-07-10T15:58:10.7651Z,2721,1
1739,2024-07-10T15:58:11.309713Z,4149,2
1740,2024-07-10T15:58:11.855931Z,2725,1
1741,2024-07-10T15:58:12.400411Z,3705,2
1742,2024-07-10T15:58:12.94469Z,3615,2
1743,2024-07-10T15:58:13.484216Z,3257,1
1744,2024-07-10T15:58:14.021288Z,3705,2
1745,2024-07-10T15:58:14.570854Z,2725,1
1746,2024-07-10T15:58:15.115598Z,3617,2
1747,2024-07-10T15:58:15.666351Z,2725,1
1748,2024-07-10T15:58:16.206723Z,3705,2
1749,2024-07-10T15:58:16.744373Z,2725,1
1750,2024-07-10T15:58:17.282321Z,4149,2
1751,2024-07-10T15:58:17.825327Z,2725,1
1752,2024-07-10T15:58:18.368957Z,3705,2
1753,2024-07-10T15:58:18.911759Z,2725,1
1754,2024-07-10T15:58:19.467955Z,4149,2
1755,2024-07-10T15:58:20.008817Z,3705,2
1756,2024-07-10T15:58:20.548728Z,2725,1
1757,2024-07-10T15:58:21.085842Z,3617,2
1758,2024-07-10T15:58:21.625003Z,3257,1
1759,2024-07-10T15:58:22.165885Z,3705,2
1760,2024-07-10T15:58:22.701534Z,2725,1
1761,2024-07-10T15:58:23.23906Z,3615,2
1762,2024-07-10T15:58:23.777925Z,2725,1
1763,2024-07-10T15:58:24.323027Z,3705,2
1764,2024-07-10T15:58:24.869249Z,2725,1
1765,2024-07-10T15:58:25.419514Z,4149,2
1766,2024-07-10T15:58:25.962266Z,2725,1
1767,2024-07-10T15:58:26.501207Z,3705,2
1768,2024-07-10T15:58:27.046389Z,3617,2
1769,2024-07-10T15:58:27.582092Z,3257,1
1770,2024-07-10T15:58:28.122627Z,3705,2
1771,2024-07-10T15:58:28.660435Z,2725,1
1772,2024-07-10T15:58:29.19789Z,3615,2
1773,2024-07-10T15:58:29.73899Z,2723,1
1774,2024-07-10T15:58:30.282779Z,3705,2
1775,2024-07-10T15:58:30.821786Z,2725,1
1776,2024-07-10T15:58:31.361665Z,4149,2
1777,2024-07-10T15:58:31.907309Z,2725,1
1778,2024-07-10T15:58:32.448821Z,3705,2
1779,2024-07-10T15:58:32.987771Z,2725,1
1780,2024-07-10T15:58:33.522854Z,4149,2
1781,2024-07-10T15:58:34.059954Z,3705,2
1782,2024-07-10T15:58:34.595127Z,2725,1
1783,2024-07-10T15:58:35.132082Z,3617,2
1784,2024-07-10T15:58:35.673106Z,3257,1
1785,2024-07-10T15:58:36.214714Z,3705,2
1786,2024-07-10T15:58:36.758285Z,2725,1
1787,2024-07-10T15:58:37.301492Z,3617,2
1788,2024-07-10T15:58:37.84524Z,2723,1
1789,2024-07-10T15:58:38.390427Z,3705,2
1790,2024-07-10T15:58:38.936729Z,2725,1
1791,2024-07-10T15:58:39.481044Z,4149,2
1792,2024-07-10T15:58:40.023464Z,2725,1
1793,2024-07-10T15:58:40.568386Z,3705,2
1794,2024-07-10T15:58:41.115155Z,3617,2
1795,2024-07-10T15:58:41.649214Z,3257,1
1796,2024-07-10T15:58:42.199389Z,3705,2
1797,2024-07-10T15:58:42.735808Z,2725,1
1798,2024-07-10T15:58:43.282178Z,3617,2
1799,2024-07-10T15:58:43.822231Z,2725,1
1800,2024-07-10T15:58:44.367102Z,3705,2
1801,2024-07-10T15:58:44.912571Z,2725,1
1802,2024-07-10T15:58:45.457953Z,4149,2
1803,2024-07-10T15:58:46.004853Z,2725,1
1804,2024-07-10T15:58:46.547079Z,3705,2
1805,2024-07-10T15:58:47.089816Z,2725,1
1806,2024-07-10T15:58:47.627946Z,4149,2
1807,2024-07-10T15:58:48.167443Z,3705,2
1808,2024-07-10T15:58:48.705491Z,2725,1
1809,2024-07-10T15:58:49.245474Z,3617,2
1810,2024-07-10T15:58:49.785637Z,3257,1
1811,2024-07-10T15:58:50.325796Z,3705,2
1812,2024-07-10T15:58:50.863813Z,2725,1
1813,2024-07-10T15:58:51.40228Z,3615,2
1814,2024-07-10T15:58:51.943118Z,2725,1
1815,2024-07-10T15:58:52.488035Z,3705,2
1816,2024-07-10T15:58:53.027002Z,2725,1
1817,2024-07-10T15:58:53.572768Z,4149,2
1818,2024-07-10T15:58:54.114012Z,2725,1
1819,2024-07-10T15:58:54.660185Z,3705,2
1820,2024-07-10T15:58:55.206058Z,2725,1
1821,2024-07-10T15:58:55.749944Z,4149,2
1822,2024-07-10T15:58:56.287552Z,3705,2
1823,2024-07-10T15:58:56.823823Z,2725,1
1824,2024-07-10T15:58:57.366966Z,3617,2
1825,2024-07-10T15:58:57.908587Z,3257,1
1826,2024-07-10T15:58:58.45182Z,3703,2
1827,2024-07-10T15:58:58.989914Z,2725,1
1828,2024-07-10T15:58:59.526095Z,3617,2
1829,2024-07-10T15:59:00.065857Z,2725,1
1830,2024-07-10T15:59:00.623996Z,3705,2
1831,2024-07-10T15:59:01.171948Z,2725,1
1832,2024-07-10T15:59:01.712894Z,4149,2
1833,2024-07-10T15:59:02.250388Z,2725,1
1834,2024-07-10T15:59:02.793156Z,3705,2
1835,2024-07-10T15:59:03.338436Z,3617,2
1836,2024-07-10T15:59:03.878019Z,3257,1
1837,2024-07-10T15:59:04.427392Z,3705,2
1838,2024-07-10T15:59:04.967812Z,2725,1
1839,2024-07-10T15:59:05.506371Z,3617,2
1840,2024-07-10T15:59:06.047209Z,2725,1
1841,2024-07-10T15:59:06.585556Z,3705,2
1842,2024-07-10T15:59:07.127023Z,2725,1
1843,2024-07-10T15:59:07.663503Z,4149,2
1844,2024-07-10T15:59:08.209881Z,2725,1
1845,2024-07-10T15:59:08.754455Z,3705,2
1846,2024-07-10T15:59:09.29781Z,2723,1
1847,2024-07-10T15:59:09.840564Z,4149,2
1848,2024-07-10T15:59:10.385554Z,2725,1
1849,2024-07-10T15:59:10.934822Z,3705,2
1850,2024-07-10T15:59:11.474608Z,3617,2
1851,2024-07-10T15:59:12.012178Z,2725,1
1852,2024-07-10T15:59:12.559574Z,3705,2
1853,2024-07-10T15:59:13.098898Z,2725,1
1854,2024-07-10T15:59:13.642036Z,3617,2
1855,2024-07-10T15:59:14.181832Z,2725,1
1856,2024-07-10T15:59:14.731906Z,3705,2
1857,2024-07-10T15:59:15.272593Z,3257,1
1858,2024-07-10T15:59:15.814088Z,4149,2
1859,2024-07-10T15:59:16.361967Z,2725,1
1860,2024-07-10T15:59:16.903803Z,3705,2
1861,2024-07-10T15:59:17.441398Z,2725,1
1862,2024-07-10T15:59:17.978597Z,4149,2
1863,2024-07-10T15:59:18.519686Z,3705,2
1864,2024-07-10T15:59:19.060921Z,2725,1
1865,2024-07-10T15:59:19.598332Z,3617,2
1866,2024-07-10T15:59:20.139699Z,3257,1
1867,2024-07-10T15:59:20.698655Z,3705,2
1868,2024-07-10T15:59:21.248351Z,2725,1
1869,2024-07-10T15:59:21.78701Z,3615,2
1870,2024-07-10T15:59:22.327484Z,2725,1
1871,2024-07-10T15:59:22.868123Z,3705,2
1872,2024-07-10T15:59:23.406478Z,2725,1
1873,2024-07-10T15:59:23.94507Z,4147,2
1874,2024-07-10T15:59:24.489828Z,2725,1
1875,2024-07-10T15:59:25.031125Z,3705,2
1876,2024-07-10T15:59:25.573854Z,2725,1
1877,2024-07-10T15:59:26.109773Z,4149,2
1878,2024-07-10T15:59:26.651565Z,3705,2
1879,2024-07-10T15:59:27.187704Z,2725,1
1880,2024-07-10T15:59:27.72513Z,3615,2
1881,2024-07-10T15:59:28.265446Z,3257,1
1882,2024-07-10T15:59:28.807331Z,3705,2
1883,2024-07-10T15:59:29.352518Z,2725,1
1884,2024-07-10T15:59:29.895022Z,3617,2
1885,2024-07-10T15:59:30.43935Z,2723,1
1886,2024-07-10T15:59:30.977077Z,3705,2
1887,2024-07-10T15:59:31.51704Z,2723,1
1888,2024-07-10T15:59:32.058373Z,4149,2
1889,2024-07-10T15:59:32.596635Z,2725,1
1890,2024-07-10T15:59:33.13066Z,3703,2
1891,2024-07-10T15:59:33.670552Z,3617,2
1892,2024-07-10T15:59:34.206874Z,3257,1
1893,2024-07-10T15:59:34.746589Z,3705,2
1894,2024-07-10T15:59:35.288618Z,2725,1
1895,2024-07-10T15:59:35.82785Z,3615,2
1896,2024-07-10T15:59:36.372136Z,2725,1
1897,2024-07-10T15:59:36.916911Z,3705,2
1898,2024-07-10T15:59:37.455886Z,2725,1
1899,2024-07-10T15:59:37.992663Z,4149,2
1900,2024-07-10T15:59:38.5311Z,2721,1
1901,2024-07-10T15:59:39.070929Z,3705,2
1902,2024-07-10T15:59:39.618922Z,2725,1
1903,2024-07-10T15:59:40.160618Z,4149,2
1904,2024-07-10T15:59:40.704625Z,3705,2
1905,2024-07-10T15:59:41.239608Z,2725,1
1906,2024-07-10T15:59:41.785415Z,3617,2
1907,2024-07-10T15:59:42.325277Z,3257,1
1908,2024-07-10T15:59:42.871904Z,3705,2
1909,2024-07-10T15:59:43.420816Z,2725,1
1910,2024-07-10T15:59:43.96582Z,3615,2
1911,2024-07-10T15:59:44.505889Z,2725,1
1912,2024-07-10T15:59:45.048285Z,3705,2
1913,2024-07-10T15:59:45.588811Z,2725,1
1914,2024-07-10T15:59:46.128477Z,4149,2
1915,2024-07-10T15:59:46.676863Z,2725,1
1916,2024-07-10T15:59:47.213911Z,3705,2
1917,2024-07-10T15:59:47.757445Z,3617,2
1918,2024-07-10T15:59:48.302509Z,3257,1
1919,2024-07-10T15:59:48.844021Z,3705,2
1920,2024-07-10T15:59:49.387701Z,2725,1
1921,2024-07-10T15:59:49.931667Z,3617,2
1922,2024-07-10T15:59:50.476209Z,2725,1
1923,2024-07-10T15:59:51.025205Z,3705,2
1924,2024-07-10T15:59:51.56432Z,2723,1
1925,2024-07-10T15:59:52.10627Z,4147,2
1926,2024-07-10T15:59:52.644086Z,2725,1
1927,2024-07-10T15:59:53.180739Z,3705,2
1928,2024-07-10T15:59:53.717839Z,2725,1
1929,2024-07-10T15:59:54.258617Z,4149,2
1930,2024-07-10T15:59:54.804019Z,3705,2
1931,2024-07-10T15:59:55.344901Z,2725,1
1932,2024-07-10T15:59:55.890808Z,3617,2
1933,2024-07-10T15:59:56.434176Z,3257,1
1934,2024-07-10T15:59:56.973578Z,3705,2
1935,2024-07-10T15:59:57.513544Z,2725,1
1936,2024-07-10T15:59:58.051315Z,3617,2
1937,2024-07-10T15:59:58.595853Z,2725,1
1938,2024-07-10T15:59:59.141801Z,3705,2
1939,2024-07-10T15:59:59.682979Z,2725,1
1940,2024-07-10T16:00:00.225289Z,4149,2
1941,2024-07-10T16:00:00.763591Z,2725,1
1942,2024-07-10T16:00:01.305899Z,3705,2
1943,2024-07-10T16:00:01.845888Z,3617,2
1944,2024-07-10T16:00:02.385657Z,3257,1
1945,2024-07-10T16:00:02.939339Z,3705,2
1946,2024-07-10T16:00:03.486717Z,2725,1
1947,2024-07-10T16:00:04.030154Z,3617,2
1948,2024-07-10T16:00:04.570361Z,2725,1
1949,2024-07-10T16:00:05.115086Z,3705,2
1950,2024-07-10T16:00:05.657554Z,2725,1
1951,2024-07-10T16:00:06.196258Z,4149,2
1952,2024-07-10T16:00:06.741172Z,2725,1
1953,2024-07-10T16:00:07.285278Z,3705,2
1954,2024-07-10T16:00:07.829498Z,2725,1
1955,2024-07-10T16:00:08.368086Z,4149,2
1956,2024-07-10T16:00:08.913712Z,3705,2
1957,2024-07-10T16:00:09.453316Z,2725,1
1958,2024-07-10T16:00:10.008677Z,3617,2
1959,2024-07-10T16:00:10.55621Z,3255,1
1960,2024-07-10T16:00:11.096648Z,3705,2
1961,2024-07-10T16:00:11.634411Z,2725,1
1962,2024-07-10T16:00:12.176153Z,3617,2
1963,2024-07-10T16:00:12.714793Z,2725,1
1964,2024-07-10T16:00:13.253384Z,3705,2
1965,2024-07-10T16:00:13.792419Z,2725,1
1966,2024-07-10T16:00:14.33233Z,4147,2
1967,2024-07-10T16:00:14.879695Z,2725,1
1968,2024-07-10T16:00:15.422251Z,3705,2
1969,2024-07-10T16:00:15.964811Z,3617,2
1970,2024-07-10T16:00:16.515179Z,3257,1
1971,2024-07-10T16:00:17.053001Z,3705,2
1972,2024-07-10T16:00:17.595872Z,2725,1
1973,2024-07-10T16:00:18.135557Z,3617,2
1974,2024-07-10T16:00:18.679379Z,2725,1
1975,2024-07-10T16:00:19.217043Z,3705,2
1976,2024-07-10T16:00:19.757985Z,2725,1
1977,2024-07-10T16:00:20.297219Z,4149,2
1978,2024-07-10T16:00:20.837784Z,2725,1
1979,2024-07-10T16:00:21.373298Z,3705,2
1980,2024-07-10T16:00:21.90942Z,2723,1
1981,2024-07-10T16:00:22.453843Z,4149,2
1982,2024-07-10T16:00:22.998276Z,2725,1
1983,2024-07-10T16:00:23.539665Z,3705,2
1984,2024-07-10T16:00:24.077292Z,3617,2
1985,2024-07-10T16:00:24.614115Z,3257,1
1986,2024-07-10T16:00:25.154284Z,3705,2
1987,2024-07-10T16:00:25.690857Z,2725,1
1988,2024-07-10T16:00:26.227269Z,3617,2
1989,2024-07-10T16:00:26.763502Z,2725,1
1990,2024-07-10T16:00:27.306412Z,3705,2
1991,2024-07-10T16:00:27.840526Z,2725,1
1992,2024-07-10T16:00:28.381287Z,4149,2
1993,2024-07-10T16:00:28.920102Z,2725,1
1994,2024-07-10T16:00:29.465192Z,3705,2
1995,2024-07-10T16:00:30.00272Z,2723,1
1996,2024-07-10T16:00:30.543311Z,4149,2
1997,2024-07-10T16:00:31.092154Z,3705,2
1998,2024-07-10T16:00:31.62731Z,2723,1
1999,2024-07-10T16:00:32.170242Z,3617,2
2000,2024-07-10T16:00:32.707309Z,3257,1
2001,2024-07-10T16:00:33.246956Z,3705,2
2002,2024-07-10T16:00:33.783183Z,2725,1
2003,2024-07-10T16:00:34.322964Z,3617,2
